Lcl Time,AltMSL,IAS,OAT,E1 RPM,E1 MAP,E1 FFlow,E1 CHT1,E1 CHT2,E1 CHT3,E1 CHT4,E1 EGT1,E1 EGT2,E1 EGT3,E1 EGT4,E1 OilP,E1 OilT,Pitch,Roll,GndSpd
00:00:00,895.4,70.1,13.1,2693,29.07,16.6,24.7,24.2,24.3,24.2,790.8,784.0,795.5,787.0,70.4,17.0,4.35,1.02,80.0
00:00:01,915.8,69.7,12.8,2686,29.12,16.69,30.5,30.3,30.4,30.8,790.5,783.8,795.4,786.5,70.2,16.8,4.43,1.49,80.0
00:00:02,935.3,70.8,13.2,2693,29.14,16.59,36.4,36.4,37.0,36.6,789.8,782.5,793.6,785.5,69.8,17.9,4.29,-0.55,79.7
00:00:03,965.6,70.8,12.9,2691,29.02,16.61,42.6,42.9,42.6,43.0,790.3,784.5,794.9,785.5,69.8,18.4,4.16,0.36,79.7
00:00:04,977.5,70.3,12.7,2691,29.01,16.59,48.0,48.1,49.0,48.7,791.1,783.6,794.4,786.7,70.3,18.9,4.11,-1.68,80.3
00:00:05,1008.2,71.3,13.2,2692,29.03,16.66,53.8,53.7,54.7,53.5,791.6,785.7,795.2,785.7,69.8,19.3,4.01,0.39,81.7
00:00:06,1027.1,70.9,13.3,2687,29.1,16.57,59.6,59.1,60.0,59.9,788.3,782.1,795.1,787.1,69.9,20.1,4.25,-1.86,80.5
00:00:07,1048.6,71.1,13.3,2688,28.98,16.54,65.0,64.5,65.1,65.0,789.4,782.4,795.3,787.1,69.5,21.1,4.25,0.88,81.1
00:00:08,1061.0,71.8,13.1,2686,29.05,16.55,70.7,70.1,70.1,70.0,791.5,785.7,795.7,788.6,70.2,21.2,3.99,1.96,81.2
00:00:09,1092.2,72.5,12.6,2694,29.01,16.51,75.7,75.3,75.9,75.5,788.2,783.7,794.4,785.6,69.8,22.3,3.98,-0.11,82.0
00:00:10,1106.2,71.9,12.5,2689,28.99,16.54,80.6,79.7,80.5,80.8,791.6,784.9,793.6,788.7,70.0,23.0,3.91,-0.58,81.1
00:00:11,1136.6,71.6,12.4,2695,28.93,16.64,85.5,85.4,85.3,85.0,792.0,785.8,795.1,786.1,70.3,23.4,3.96,1.19,81.9
00:00:12,1143.3,72.7,12.7,2696,28.85,16.56,89.9,90.0,90.2,89.7,788.5,785.9,793.6,788.9,70.5,23.7,4.3,-1.11,82.1
00:00:13,1178.0,72.4,12.4,2693,28.83,16.59,95.3,94.2,95.1,94.6,790.3,785.1,793.2,786.2,70.5,24.7,4.22,-1.41,81.9
00:00:14,1198.5,72.4,13.0,2687,28.91,16.56,99.5,98.8,99.7,99.1,789.6,782.2,792.7,787.3,70.5,24.7,3.84,-0.76,82.0
00:00:15,1208.7,72.5,12.2,2690,28.82,16.66,104.2,103.6,104.8,104.0,790.1,785.7,794.6,785.7,70.5,25.7,4.05,1.61,83.2
00:00:16,1241.1,72.3,12.2,2692,28.82,16.63,107.9,108.1,109.2,107.8,790.4,783.9,794.4,786.5,70.1,26.3,4.26,-0.56,82.4
00:00:17,1255.1,73.4,12.8,2694,28.89,16.63,112.5,112.5,112.8,112.6,788.0,785.8,794.1,787.3,69.8,26.1,3.96,-1.6,84.4
00:00:18,1273.6,73.6,12.2,2686,28.81,16.7,117.1,116.0,116.9,116.3,789.8,784.7,793.6,788.4,70.2,27.4,4.38,1.52,82.8
00:00:19,1289.2,72.8,12.7,2693,28.87,16.67,121.3,120.4,121.1,120.5,789.0,782.5,793.5,785.2,69.8,27.1,3.81,-0.97,84.6
00:00:20,1312.5,74.4,12.1,2683,28.72,16.55,124.9,123.8,125.6,124.2,790.8,785.7,794.9,785.8,70.2,28.0,4.26,0.67,84.3
00:00:21,1331.5,74.1,12.3,2685,28.84,16.65,128.5,127.8,129.5,128.8,791.7,784.1,794.9,787.0,70.1,28.8,4.35,0.45,83.6
00:00:22,1366.1,73.4,11.9,2696,28.71,16.61,132.2,131.3,133.4,132.4,791.8,783.5,794.6,787.3,70.6,28.8,4.17,-0.13,83.6
00:00:23,1370.4,74.7,12.2,2685,28.65,16.57,135.8,135.4,136.9,135.4,789.4,783.0,792.3,788.9,69.8,29.8,4.28,1.83,84.8
00:00:24,1392.1,74.6,12.6,2687,28.79,16.68,139.5,139.2,140.9,139.2,788.6,782.7,793.1,786.0,69.5,30.3,4.24,0.16,84.9
00:00:25,1425.7,74.3,12.4,2684,28.63,16.63,143.0,142.8,144.2,143.2,791.4,782.6,792.3,787.4,69.7,31.1,3.95,1.66,85.4
00:00:26,1438.0,75.4,12.3,2687,28.64,16.7,147.3,145.4,147.3,146.1,789.0,785.2,795.6,785.8,70.1,31.4,3.87,-1.35,85.5
00:00:27,1462.9,75.8,11.8,2689,28.66,16.62,149.8,149.0,150.4,149.9,788.6,782.0,795.6,788.1,70.1,31.9,3.92,-0.81,86.3
00:00:28,1477.3,75.4,11.9,2682,28.62,16.61,153.0,152.6,153.8,153.2,791.6,785.3,792.2,786.1,69.6,32.3,3.79,-0.57,85.3
00:00:29,1510.2,76.0,12.0,2682,28.7,16.66,156.9,155.2,157.0,156.2,790.4,784.9,793.2,788.1,70.3,33.2,4.07,1.7,86.8
00:00:30,1528.0,75.7,11.8,2694,28.6,16.61,160.0,158.4,160.4,158.8,791.9,784.8,793.6,787.2,70.2,32.7,3.79,-0.08,85.9
00:00:31,1545.9,75.4,12.3,2687,28.56,16.68,162.3,161.2,163.8,162.5,788.6,783.8,794.8,788.2,70.3,33.6,3.98,-0.9,86.0
00:00:32,1561.2,75.2,12.1,2691,28.5,16.54,166.1,164.8,166.0,165.6,790.9,783.7,794.0,786.0,70.2,33.7,4.32,-1.68,86.4
00:00:33,1588.1,76.6,11.5,2681,28.51,16.52,168.7,167.1,169.4,168.2,791.3,784.0,792.3,786.8,69.9,35.0,4.24,1.98,87.8
00:00:34,1610.9,76.4,11.8,2690,28.52,16.52,171.3,169.9,171.7,171.1,789.5,784.9,795.0,787.4,70.2,34.7,3.94,0.74,87.1
00:00:35,1623.3,76.0,11.9,2687,28.54,16.65,173.7,173.3,174.9,173.7,788.6,785.0,792.5,785.6,70.4,35.4,3.75,-1.85,86.5
00:00:36,1657.6,76.2,11.4,2690,28.48,16.54,176.3,175.2,177.9,175.8,791.4,783.5,792.9,786.1,70.0,36.2,4.22,-0.75,88.0
00:00:37,1677.2,77.5,11.5,2691,28.48,16.64,179.4,178.6,180.2,179.3,790.0,785.7,793.5,786.5,70.6,36.7,4.04,0.39,87.8
00:00:38,1684.3,77.3,11.4,2686,28.44,16.67,182.3,180.7,183.2,181.3,788.6,784.1,795.3,788.8,70.4,36.7,4.14,-1.59,87.7
00:00:39,1712.6,77.4,11.5,2683,28.38,16.52,184.9,183.4,184.8,183.7,791.7,783.2,794.8,786.6,69.6,37.6,4.07,-0.56,87.2
00:00:40,1739.0,78.1,11.6,2687,28.51,16.55,186.7,185.3,187.7,185.9,788.5,783.1,794.3,788.4,70.3,37.7,4.13,-0.06,89.2
00:00:41,1755.4,77.3,11.5,2679,28.38,16.63,189.5,187.6,189.8,188.1,788.6,782.9,796.2,786.4,70.2,38.0,4.27,0.92,88.4
00:00:42,1778.9,78.2,11.7,2691,28.43,16.67,191.9,190.5,192.8,190.8,791.6,782.4,795.5,787.9,70.2,38.6,4.15,0.03,88.1
00:00:43,1800.8,77.6,11.5,2692,28.38,16.55,194.0,192.3,195.1,193.1,788.4,782.7,793.0,788.9,70.1,39.0,4.24,-0.87,88.4
00:00:44,1816.4,77.5,11.6,2688,28.43,16.63,195.7,195.1,196.8,195.4,790.3,783.8,792.6,788.8,69.7,39.8,4.06,0.71,90.0
00:00:45,1838.4,77.7,11.0,2683,28.34,16.56,197.8,197.1,199.1,197.2,788.7,782.2,792.4,785.4,69.8,40.0,4.04,1.85,90.0
00:00:46,1862.1,78.3,11.2,2683,28.31,16.66,200.3,198.8,201.3,200.0,790.2,783.8,795.9,786.5,70.0,40.2,3.7,0.88,89.3
00:00:47,1877.5,78.8,11.5,2687,28.26,16.63,201.8,200.4,203.0,201.6,790.5,783.8,793.1,787.5,70.4,40.6,4.08,1.09,88.9
00:00:48,1892.3,79.0,11.2,2679,28.3,16.59,204.6,202.9,205.4,203.7,790.0,783.5,795.4,787.8,69.9,41.1,3.8,0.75,89.8
00:00:49,1923.3,79.7,11.5,2680,28.24,16.56,206.1,204.9,207.0,205.5,791.4,783.7,794.2,786.5,70.1,41.3,3.7,-0.07,90.9
00:00:50,1937.1,78.9,11.1,2689,28.27,16.63,208.3,206.5,209.2,207.8,789.4,783.9,792.6,788.7,69.6,41.6,3.71,0.16,91.2
00:00:51,1955.5,79.0,11.3,2680,28.22,16.54,209.8,208.3,210.8,209.5,792.0,783.9,793.4,785.8,70.0,42.9,4.15,0.43,90.0
00:00:52,1980.4,79.0,11.1,2687,28.16,16.59,211.5,210.3,212.4,210.9,790.1,784.3,794.7,786.0,70.4,42.7,3.72,-0.72,91.3
00:00:53,2010.3,79.4,11.3,2686,28.27,16.67,212.8,212.1,214.6,212.5,789.8,784.0,794.9,786.3,70.5,43.0,4.19,0.95,91.2
00:00:54,2017.2,79.7,10.7,2680,28.12,16.57,214.5,213.0,216.5,214.2,791.2,784.7,795.7,788.2,70.6,44.0,4.08,1.87,92.0
00:00:55,2050.3,81.1,10.7,2687,28.11,16.63,216.2,214.8,217.6,215.5,791.0,785.2,794.6,787.0,69.5,44.3,4.05,1.63,91.7
00:00:56,2058.9,81.2,11.0,2690,28.16,16.5,218.5,216.3,219.4,217.4,789.9,782.8,795.4,785.7,69.6,44.2,3.63,-0.56,92.7
00:00:57,2092.4,80.4,11.2,2686,28.17,16.58,219.5,218.1,220.4,219.0,789.2,782.7,793.9,787.3,70.4,45.3,3.76,-0.75,91.8
00:00:58,2103.7,80.4,11.0,2681,28.05,16.58,221.6,219.9,222.1,220.8,788.7,785.3,794.9,788.1,70.3,45.0,3.87,1.65,91.2
00:00:59,2120.6,81.7,11.1,2690,28.08,16.66,222.3,221.3,224.0,222.2,789.4,782.3,794.0,785.2,70.4,46.1,4.0,-1.12,93.4
00:01:00,2148.6,81.3,10.8,2678,28.06,16.68,224.0,222.7,225.7,223.0,789.4,784.8,793.8,788.3,70.4,46.4,4.07,1.72,93.5
00:01:01,2175.4,82.0,10.7,2685,28.09,16.64,225.1,224.2,226.5,225.2,789.3,785.3,794.4,786.9,69.8,46.8,3.73,-1.02,91.9
00:01:02,2195.6,81.8,10.5,2686,28.11,16.51,226.4,225.6,228.5,226.6,788.4,786.0,794.4,787.3,69.7,46.5,3.8,-0.6,94.0
00:01:03,2216.9,81.3,10.3,2687,28.0,16.69,228.0,226.4,229.6,227.2,790.9,782.6,793.9,786.0,69.5,47.4,3.85,0.06,92.4
00:01:04,2227.1,82.5,10.2,2679,28.05,16.7,229.2,227.9,230.8,228.6,791.5,783.2,794.6,787.1,70.0,48.0,3.67,0.4,92.7
00:01:05,2254.0,81.7,10.4,2680,28.0,16.61,230.7,229.3,231.7,230.0,789.9,784.4,795.3,787.5,70.4,47.5,3.76,0.65,93.4
00:01:06,2275.9,81.9,10.1,2681,27.99,16.64,232.2,230.4,233.5,230.7,791.2,785.6,795.4,786.2,70.5,48.0,3.7,-0.69,94.2
00:01:07,2301.6,82.5,10.2,2685,28.04,16.64,233.1,231.3,234.4,232.2,789.3,783.5,795.8,786.8,70.2,48.8,3.94,1.37,95.0
00:01:08,2324.8,82.8,10.5,2682,27.89,16.52,234.2,232.4,235.9,233.5,788.8,782.1,795.9,785.4,69.9,48.8,4.01,1.23,93.5
00:01:09,2335.1,83.3,10.1,2680,27.9,16.55,235.3,233.5,236.7,234.9,790.8,782.3,795.9,788.3,69.8,48.9,3.82,0.08,94.5
00:01:10,2366.4,83.6,10.3,2685,27.83,16.49,236.0,234.4,237.8,235.4,790.2,782.2,793.9,785.9,70.5,49.3,3.77,0.05,94.6
00:01:11,2380.0,84.1,9.9,2682,27.92,16.51,237.1,235.5,238.2,236.6,791.3,784.5,792.4,785.1,69.6,50.0,3.76,0.74,95.9
00:01:12,2395.9,83.8,10.3,2679,27.91,16.6,238.9,236.7,239.9,238.0,789.8,781.8,793.4,785.2,70.5,50.1,3.78,-1.34,96.1
00:01:13,2417.1,84.2,10.0,2676,27.89,16.49,238.9,238.1,241.0,238.8,791.1,783.3,794.5,784.9,70.2,50.9,3.67,-1.27,95.0
00:01:14,2437.6,84.3,10.2,2678,27.81,16.49,240.3,239.0,242.0,239.1,790.8,781.7,794.3,787.9,69.9,51.4,3.64,-1.5,95.4
00:01:15,2458.2,84.8,10.1,2683,27.86,16.63,240.9,239.9,242.3,240.2,789.0,783.5,794.1,787.1,70.1,51.2,3.63,-0.23,96.3
00:01:16,2492.2,84.2,10.1,2679,27.75,16.61,242.4,240.9,243.7,241.8,789.8,784.2,793.0,787.3,70.4,51.3,3.9,1.33,96.9
00:01:17,2506.5,84.3,10.4,2673,27.71,16.48,243.3,241.1,244.6,241.8,787.1,783.5,792.5,785.3,69.5,52.1,3.58,-1.09,95.9
00:01:18,2526.2,84.9,10.3,2673,27.78,16.49,243.8,242.5,245.4,242.5,788.8,781.5,794.5,787.2,69.8,52.2,3.85,0.95,96.1
00:01:19,2537.8,85.3,10.3,2679,27.71,16.54,244.6,242.7,245.8,243.9,789.9,784.3,794.4,785.5,69.5,53.0,3.98,-1.11,97.6
00:01:20,2565.2,85.0,10.0,2682,27.68,16.49,245.7,243.3,246.9,244.6,786.8,783.0,792.2,784.5,69.8,53.0,4.03,0.16,97.4
00:01:21,2587.8,85.2,10.3,2674,27.72,16.42,246.4,244.0,247.3,245.1,788.9,781.6,792.2,784.4,69.7,53.7,3.79,1.49,96.5
00:01:22,2605.8,86.0,9.5,2679,27.75,16.56,246.3,245.2,248.0,245.8,786.5,783.6,791.2,786.6,69.6,53.6,3.85,-0.13,96.6
00:01:23,2634.4,85.1,9.5,2686,27.71,16.36,247.6,245.6,248.5,246.7,788.4,781.3,793.3,784.5,69.6,54.1,3.59,-0.57,97.8
00:01:24,2649.5,86.3,9.5,2679,27.65,16.43,247.6,246.6,249.4,247.5,786.7,780.3,794.1,785.7,70.5,54.4,3.51,-1.55,98.1
00:01:25,2665.9,86.3,9.9,2681,27.7,16.51,248.4,247.3,249.9,247.9,789.7,783.2,790.7,783.8,70.4,54.9,3.54,0.77,97.2
00:01:26,2688.4,85.5,9.7,2683,27.69,16.52,249.3,247.4,250.3,248.2,789.2,781.4,794.4,785.6,70.5,55.2,3.92,1.56,98.8
00:01:27,2715.4,87.1,9.6,2674,27.65,16.38,249.6,248.0,251.4,249.3,788.6,782.5,792.4,783.6,70.6,55.4,3.57,-0.34,99.0
00:01:28,2730.5,86.5,10.0,2685,27.65,16.31,250.7,248.6,252.0,249.8,787.0,781.7,792.3,783.6,70.3,55.7,3.72,-1.46,98.3
00:01:29,2760.9,86.3,9.6,2678,27.61,16.38,251.3,249.4,252.8,250.0,788.7,782.9,792.6,784.2,70.5,55.7,3.69,0.52,99.6
00:01:30,2776.7,86.4,9.6,2682,27.57,16.29,250.9,249.7,252.9,250.5,787.9,780.4,791.6,784.9,70.0,55.5,3.96,1.29,99.9
00:01:31,2798.9,87.5,9.4,2681,27.51,16.41,252.2,249.9,253.6,250.6,788.0,781.0,791.6,784.0,69.6,56.0,3.7,-1.4,99.8
00:01:32,2815.4,88.0,9.4,2675,27.61,16.39,252.6,250.7,253.4,251.7,785.5,780.1,792.9,782.5,70.2,56.2,3.53,1.41,98.7
00:01:33,2839.3,88.0,9.1,2683,27.51,16.28,252.7,251.1,254.0,251.4,786.1,781.9,790.3,784.2,70.5,56.9,3.74,0.26,99.1
00:01:34,2866.3,87.0,9.1,2671,27.52,16.35,253.4,250.9,254.5,252.0,788.6,779.1,793.0,782.7,70.5,57.2,3.52,1.76,99.1
00:01:35,2877.0,88.0,9.6,2680,27.44,16.3,253.1,251.5,255.3,252.7,785.7,779.5,792.8,784.7,69.5,56.9,3.89,-0.28,99.8
00:01:36,2901.9,88.0,9.4,2546,26.11,14.96,253.0,251.2,255.4,252.9,768.8,763.4,774.1,764.1,70.4,57.4,3.83,-1.62,100.0
00:01:37,2912.0,88.3,9.4,2532,26.22,14.83,253.6,251.2,254.9,252.0,770.0,761.6,773.3,766.0,70.4,57.5,3.64,-0.86,99.8
00:01:38,2932.2,87.5,9.2,2533,26.08,14.93,253.5,251.5,254.6,251.7,769.7,764.2,772.9,765.8,70.4,57.7,3.83,1.73,100.4
00:01:39,2935.3,87.9,9.0,2536,26.08,14.82,252.5,250.8,254.9,251.9,770.0,762.6,771.3,766.7,69.6,57.8,3.39,0.53,99.8
00:01:40,2952.8,87.5,9.0,2535,26.09,14.83,252.8,251.2,254.0,251.8,768.1,761.0,773.8,766.6,70.0,58.5,3.88,-1.51,100.9
00:01:41,2979.2,87.7,8.9,2544,26.06,14.86,252.6,251.0,254.6,251.2,768.3,761.0,773.6,763.4,69.6,58.2,3.87,-1.44,101.2
00:01:42,2980.0,87.5,8.7,2533,26.04,14.8,252.0,250.1,254.0,251.7,769.1,763.6,770.7,765.1,69.8,58.6,3.69,1.25,99.8
00:01:43,2994.8,88.2,8.7,2537,26.03,14.78,252.4,250.2,253.7,251.5,769.5,759.8,771.6,765.8,69.7,59.5,3.8,-1.06,101.1
00:01:44,3022.1,88.2,9.0,2539,25.98,14.9,252.1,250.5,254.0,251.4,769.0,762.8,770.6,763.4,69.4,59.2,3.82,-1.53,100.8
00:01:45,3037.7,88.5,8.7,2543,26.08,14.88,252.0,250.3,253.9,251.4,767.3,763.2,770.5,763.6,69.7,59.9,3.55,-1.62,100.0
00:01:46,3038.1,88.0,8.9,2530,25.96,14.8,252.2,249.6,253.8,250.7,767.4,761.4,773.4,763.9,70.5,60.0,3.79,-1.37,100.0
00:01:47,3054.4,87.4,9.0,2542,26.01,14.85,251.3,249.3,252.9,250.6,768.3,762.0,772.0,763.7,70.0,59.8,3.36,-1.31,99.5
00:01:48,3066.9,87.4,9.0,2537,25.97,14.77,251.2,249.4,253.5,250.7,766.2,760.6,772.3,763.3,69.9,60.3,3.57,0.29,101.2
00:01:49,3092.2,87.8,8.9,2533,26.0,14.71,250.9,249.8,253.3,250.1,765.7,761.8,772.1,765.9,69.9,60.6,3.89,-0.58,101.1
00:01:50,3095.5,87.6,8.7,2535,26.01,14.87,251.1,249.1,253.0,250.5,766.3,761.9,771.9,765.7,70.1,60.5,3.53,-1.45,101.3
00:01:51,3109.4,87.8,8.8,2531,26.03,14.85,251.2,249.1,253.0,249.8,766.8,759.7,773.1,764.6,69.6,60.5,3.45,-1.35,100.5
00:01:52,3121.2,87.7,8.7,2535,25.92,14.77,250.3,248.7,252.5,249.5,768.0,759.0,770.0,764.7,70.4,60.8,3.89,0.13,100.6
00:01:53,3148.0,88.0,9.0,2540,25.86,14.68,250.3,248.7,252.7,249.8,765.0,762.1,771.3,765.2,69.8,61.3,3.72,0.3,100.0
00:01:54,3151.6,88.5,8.8,2541,25.95,14.82,250.5,248.6,251.7,249.3,766.7,761.6,771.5,764.6,70.3,61.3,3.44,-1.2,100.9
00:01:55,3168.9,88.6,8.9,2532,25.9,14.82,250.3,248.3,252.2,249.5,768.4,762.2,771.2,762.6,69.4,61.0,3.79,-1.76,100.1
00:01:56,3191.7,88.4,8.7,2540,25.94,14.78,250.6,248.0,251.8,249.1,765.2,760.1,771.7,763.5,70.5,61.2,3.48,-1.24,101.1
00:01:57,3195.8,88.8,8.7,2527,25.91,14.69,249.6,247.7,251.8,249.0,765.0,761.8,772.7,763.8,70.0,61.3,3.39,-1.98,99.6
00:01:58,3222.9,88.2,8.5,2529,25.83,14.81,250.2,248.3,251.7,249.1,767.7,761.4,771.0,765.0,70.4,62.3,3.74,-1.78,100.6
00:01:59,3232.0,88.5,8.6,2528,25.8,14.72,249.5,247.9,251.8,249.2,764.5,762.1,772.0,764.9,70.0,62.4,3.66,0.31,100.5
00:02:00,3241.5,88.2,8.9,2530,25.93,14.79,249.3,248.1,251.6,248.6,764.3,761.7,772.9,763.4,70.2,62.2,3.69,-1.92,99.6
00:02:01,3254.8,87.9,8.8,2537,25.79,14.64,249.9,247.2,251.5,248.8,767.2,760.9,771.6,764.6,69.8,62.4,3.81,1.91,100.4
00:02:02,3276.3,88.1,8.5,2535,25.88,14.68,249.3,247.0,251.3,248.2,766.2,759.3,769.2,764.7,70.1,62.5,3.78,-0.04,100.1
00:02:03,3285.1,89.0,8.6,2530,25.78,14.75,249.1,247.5,251.3,248.0,766.9,759.1,772.6,762.8,70.3,63.0,3.75,-0.4,100.0
00:02:04,3308.4,87.7,8.1,2526,25.87,14.64,248.8,247.3,250.6,248.1,763.8,758.6,771.8,763.8,70.2,62.7,3.86,1.88,100.0
00:02:05,3316.8,88.8,8.3,2538,25.84,14.75,248.7,246.4,250.3,248.1,767.0,758.7,770.2,761.9,70.4,62.9,3.65,-1.14,100.4
00:02:06,3337.6,88.9,8.6,2537,25.85,14.73,248.6,247.1,250.2,247.7,766.0,758.9,768.8,760.9,70.4,63.1,3.84,-1.98,100.2
00:02:07,3337.4,87.9,8.1,2525,25.71,14.56,248.8,246.6,250.1,247.2,767.0,759.6,769.2,760.8,70.5,63.9,3.39,1.01,99.8
00:02:08,3363.1,87.8,8.4,2537,25.8,14.55,248.4,246.8,249.7,247.2,766.3,760.8,770.7,761.4,70.4,63.8,3.83,0.01,101.6
00:02:09,3370.7,88.3,8.3,2531,25.8,14.71,247.8,245.8,250.2,247.1,765.4,757.7,770.4,761.6,70.3,63.6,3.76,1.63,100.7
00:02:10,3387.4,88.6,8.6,2526,25.76,14.68,247.6,246.4,250.2,247.3,763.8,757.7,770.2,764.1,69.4,64.5,3.51,-0.21,101.6
00:02:11,3398.0,88.5,7.9,2533,25.79,14.67,247.7,245.7,249.9,246.9,765.5,757.2,770.2,760.5,70.3,63.9,3.56,-0.81,101.0
00:02:12,3424.0,87.5,7.9,2534,25.64,14.69,248.2,245.3,249.3,247.3,765.5,760.8,768.3,763.3,70.2,64.6,3.45,-1.79,101.3
00:02:13,3438.1,88.5,8.1,2535,25.63,14.66,247.8,245.5,249.8,247.0,765.3,758.5,770.5,760.4,70.3,64.2,3.73,0.78,100.3
00:02:14,3447.3,88.9,8.2,2529,25.61,14.68,247.8,245.1,249.6,246.1,763.6,760.0,769.7,763.8,70.3,64.2,3.23,1.83,99.9
00:02:15,3461.2,88.1,8.3,2533,25.7,14.63,247.6,245.2,249.2,246.8,765.0,760.1,768.7,760.7,70.4,64.7,3.28,-0.44,101.5
00:02:16,3481.2,88.4,7.8,2528,25.63,14.65,246.9,245.5,248.8,245.8,766.5,759.1,770.7,760.9,70.0,65.4,3.5,1.99,100.0
00:02:17,3491.8,88.0,8.1,2527,25.63,14.56,246.6,245.5,248.5,246.4,766.0,758.9,768.2,759.7,70.0,64.9,3.3,-1.31,100.5
00:02:18,3504.8,87.8,7.9,2532,25.7,14.52,247.3,244.6,249.1,246.4,764.6,759.5,769.6,760.8,70.2,65.1,3.63,0.9,101.6
00:02:19,3508.0,87.7,8.3,2529,25.59,14.55,246.6,244.4,248.4,245.9,762.7,757.7,768.2,760.2,70.0,65.4,3.51,-1.97,101.3
00:02:20,3525.6,87.8,8.3,2522,25.59,14.58,246.4,244.7,248.7,246.0,763.3,759.8,769.5,761.8,70.5,65.5,3.39,0.37,101.3
00:02:21,3541.3,88.7,7.6,2521,25.61,14.54,246.7,244.9,248.4,245.1,765.0,759.7,769.2,759.9,70.2,65.7,3.22,-0.12,100.6
00:02:22,3563.4,88.6,7.8,2529,25.51,14.55,246.1,244.4,248.3,245.7,763.2,759.5,769.1,761.8,69.5,65.4,3.59,-1.39,100.9
00:02:23,3577.6,88.4,8.2,2522,25.51,14.52,246.0,243.9,248.0,245.3,765.8,756.8,769.4,762.9,69.4,66.4,3.38,1.11,100.6
00:02:24,3587.7,88.0,8.1,2532,25.61,14.48,245.7,244.3,248.0,244.9,765.5,757.3,769.7,760.1,69.9,65.7,3.42,-1.96,100.9
00:02:25,3600.1,88.6,7.5,2521,25.47,14.56,246.3,243.4,247.6,244.7,763.2,758.6,770.0,759.1,70.5,65.8,3.21,-0.39,100.0
00:02:26,3623.0,88.1,8.1,2527,25.57,14.44,245.9,244.0,248.1,244.9,764.6,759.0,769.0,760.9,70.6,66.4,3.43,1.12,100.0
00:02:27,3633.6,88.3,7.8,2529,25.6,14.58,245.9,243.2,247.7,244.4,763.0,759.2,767.7,761.8,70.5,66.6,3.32,1.5,101.3
00:02:28,3643.5,88.0,7.8,2521,25.58,14.44,245.8,243.9,247.1,244.0,764.2,758.4,769.1,758.6,69.5,67.1,3.6,0.75,100.6
00:02:29,3656.5,89.0,7.4,2531,25.48,14.39,245.3,243.0,246.8,244.3,762.8,759.3,769.8,761.1,70.0,66.9,3.4,-1.87,101.3
00:02:30,3677.1,88.8,7.7,2524,25.43,14.45,245.2,243.0,247.1,243.8,761.9,758.8,768.2,759.2,70.1,67.3,3.43,1.9,100.5
00:02:31,3680.4,88.7,7.6,2529,25.44,14.48,245.0,242.6,246.7,244.4,761.4,756.5,769.7,761.3,70.5,66.7,3.22,1.02,101.1
00:02:32,3708.8,88.7,7.9,2527,25.51,14.39,244.8,243.0,246.8,244.4,761.3,757.6,768.9,758.5,69.4,67.4,3.14,0.76,100.7
00:02:33,3709.6,88.0,7.5,2523,25.44,14.4,244.6,242.9,246.4,243.5,764.6,755.6,768.2,761.1,70.1,67.8,3.2,1.66,100.9
00:02:34,3730.3,88.1,7.7,2529,25.41,14.35,244.9,242.8,246.9,243.8,764.6,757.9,767.8,760.3,70.3,67.6,3.54,-1.77,100.6
00:02:35,3747.5,87.9,7.6,2522,25.44,14.47,244.1,242.9,246.2,243.8,762.0,755.1,767.7,758.0,70.3,67.4,3.56,1.59,100.9
00:02:36,3760.3,88.3,7.8,2517,25.49,14.46,244.8,242.7,246.3,243.8,763.1,757.6,766.9,760.3,70.2,67.2,3.27,-1.35,99.9
00:02:37,3773.8,88.0,7.8,2527,25.36,14.39,244.3,242.0,245.7,243.1,764.2,757.0,766.0,759.7,70.5,67.5,3.46,1.95,100.9
00:02:38,3786.1,87.8,7.9,2526,25.33,14.48,243.7,242.5,245.6,242.7,763.8,756.9,767.5,760.9,69.6,67.7,3.37,1.22,100.6
00:02:39,3799.3,88.9,7.1,2529,25.44,14.47,244.1,241.9,245.7,242.7,761.2,757.8,767.7,760.4,69.7,67.7,3.29,0.24,100.3
00:02:40,3815.3,87.8,7.1,2527,25.38,14.4,244.1,242.3,246.2,243.1,764.3,754.7,768.6,758.4,70.3,68.3,3.59,-1.27,101.6
00:02:41,3834.3,88.8,7.7,2519,25.3,14.46,243.4,241.3,245.7,242.4,762.4,754.7,769.3,760.0,69.8,68.4,3.51,-0.08,101.6
00:02:42,3850.1,87.9,7.6,2518,25.41,14.34,244.0,241.9,245.5,242.8,761.2,757.8,768.4,759.3,69.9,68.5,3.52,-0.81,100.6
00:02:43,3859.2,88.2,7.7,2524,25.35,14.33,243.0,241.4,245.0,242.0,761.4,754.7,767.7,760.0,70.5,68.5,3.34,-0.39,100.1
00:02:44,3869.5,88.3,7.2,2517,25.37,14.46,243.6,241.0,245.1,242.0,763.9,755.8,768.1,758.8,70.3,68.7,3.06,0.93,101.8
00:02:45,3884.6,88.9,7.3,2522,25.24,14.26,243.3,241.3,245.0,241.8,760.2,756.9,765.3,760.9,69.7,69.0,3.55,-0.59,101.0
00:02:46,3901.4,88.7,7.0,2521,25.35,14.41,243.4,241.2,245.4,241.8,762.1,757.5,765.2,757.5,69.6,69.4,3.64,-0.59,101.7
00:02:47,3923.2,88.0,7.6,2523,25.3,14.38,242.6,240.6,244.4,242.1,761.2,754.3,768.5,757.3,70.0,68.7,3.32,-1.3,101.9
00:02:48,3934.3,89.3,7.0,2519,25.3,14.34,242.9,241.1,244.7,242.1,763.6,757.2,766.0,760.3,70.1,68.8,3.17,1.76,101.7
00:02:49,3946.5,88.5,7.0,2519,25.23,14.31,242.1,240.1,244.3,241.3,760.0,757.5,766.5,760.0,70.0,69.4,3.32,1.69,100.2
00:02:50,3950.0,88.4,7.2,2519,25.21,14.38,242.0,240.6,244.2,241.5,761.9,753.8,768.5,757.5,70.5,69.2,3.14,-1.47,100.2
00:02:51,3981.2,88.9,7.3,2518,25.3,14.36,242.1,240.3,244.8,241.8,762.4,756.4,766.8,759.7,70.0,69.4,3.52,0.53,100.3
00:02:52,3982.0,89.4,7.0,2527,25.15,14.32,242.6,240.6,243.8,241.5,759.6,756.9,764.9,759.0,69.5,69.1,3.24,0.36,100.7
00:02:53,4005.5,89.2,7.0,2515,25.22,14.2,242.4,240.2,244.5,241.6,760.4,755.3,768.0,760.1,70.3,69.2,3.41,-1.11,101.4
00:02:54,4019.2,88.4,7.0,2518,25.27,14.37,241.6,239.4,244.3,241.0,760.5,756.3,764.9,760.1,69.9,69.9,3.01,-0.34,101.4
00:02:55,4022.7,89.2,7.1,2518,25.26,14.2,241.6,240.0,243.5,240.3,760.1,753.6,764.9,757.3,69.8,69.7,3.26,-0.82,100.5
00:02:56,4038.9,88.8,7.3,2522,25.12,14.26,242.0,239.7,243.3,240.7,762.1,754.7,765.0,757.6,69.7,69.9,3.57,0.55,101.7
00:02:57,4062.6,88.7,6.8,2526,25.11,14.2,241.9,239.9,243.4,240.1,760.5,755.1,765.6,757.8,70.5,70.5,3.46,1.13,100.9
00:02:58,4072.3,88.0,7.0,2522,25.15,14.21,241.3,239.8,243.0,240.3,760.9,755.0,767.5,756.6,70.1,70.3,3.56,0.23,101.7
00:02:59,4093.4,89.5,7.2,2518,25.06,14.33,241.0,239.0,243.5,239.8,761.3,753.5,764.0,757.4,69.7,69.8,3.46,1.51,101.0
00:03:00,4101.7,88.4,6.8,2514,25.15,14.18,240.6,238.7,243.5,240.2,759.8,753.7,767.7,759.4,70.6,70.1,3.51,-0.02,100.8
00:03:01,4107.6,89.5,7.0,2524,25.05,14.25,240.6,238.6,243.0,239.5,762.3,755.2,764.1,755.5,70.0,70.4,3.44,0.75,101.6
00:03:02,4136.9,88.2,6.7,2523,25.02,14.21,241.0,238.7,243.4,239.7,760.0,752.5,766.4,757.5,69.7,70.1,3.27,1.69,101.8
00:03:03,4136.8,89.1,7.2,2517,25.09,14.13,241.2,238.9,243.0,239.3,761.9,755.2,765.4,756.8,69.6,70.8,3.53,0.16,102.1
00:03:04,4153.3,88.2,7.1,2511,25.07,14.17,240.1,239.0,242.9,239.9,760.2,755.1,765.8,756.8,69.7,70.3,3.31,-0.55,101.8
00:03:05,4176.0,88.4,7.0,2523,25.03,14.26,240.0,238.3,242.4,239.3,758.5,754.1,766.1,757.9,69.6,70.5,3.26,1.57,100.6
00:03:06,4181.8,88.3,6.7,2515,25.01,14.11,240.4,238.1,242.1,239.3,760.4,752.5,765.6,756.9,70.4,70.9,3.16,-1.7,100.5
00:03:07,4205.3,88.5,6.9,2515,25.1,14.23,240.3,237.8,242.8,238.8,761.3,753.3,763.4,758.8,69.9,70.8,2.99,-1.98,102.1
00:03:08,4212.8,88.3,7.0,2514,24.95,14.17,240.3,238.0,242.5,238.6,761.2,752.6,765.7,756.8,69.9,70.7,3.01,0.95,100.7
00:03:09,4222.1,89.3,6.5,2512,25.03,14.18,240.2,237.8,241.9,238.7,758.1,752.2,764.0,757.7,70.4,70.7,3.34,-1.64,101.5
00:03:10,4250.3,88.5,6.5,2515,25.0,14.09,239.4,237.4,241.9,239.2,758.2,752.8,765.4,756.5,69.8,71.4,3.08,1.64,100.4
00:03:11,4250.8,88.6,6.2,2514,25.0,14.16,239.9,237.4,242.1,238.9,760.4,754.0,763.1,755.1,70.2,71.3,3.35,1.63,102.0
00:03:12,4281.6,88.4,6.4,2521,24.92,14.12,239.4,237.6,241.4,238.4,758.9,754.8,766.2,757.1,70.2,71.5,3.15,1.91,102.2
00:03:13,4292.6,88.6,6.7,2509,24.96,14.14,239.5,237.5,241.1,238.1,760.4,752.1,765.8,755.7,69.9,71.6,3.4,1.39,102.1
00:03:14,4308.7,88.8,6.7,2513,25.0,14.12,239.0,237.7,241.3,238.6,759.2,754.7,766.5,755.9,70.1,71.0,3.46,1.82,101.6
00:03:15,4308.3,88.3,6.3,2519,24.93,14.15,239.1,237.4,241.4,238.4,759.6,754.3,763.7,757.6,69.9,71.6,3.31,-0.63,100.5
00:03:16,4330.1,89.1,6.6,2521,24.87,14.16,238.8,236.8,240.9,238.0,759.4,752.3,762.7,756.4,70.1,72.0,3.38,0.58,100.5
00:03:17,4343.5,88.6,6.7,2517,24.94,14.14,238.4,237.2,240.9,237.8,760.3,753.3,765.9,757.1,69.5,71.3,2.94,-1.31,101.9
00:03:18,4352.0,88.3,6.1,2518,24.96,14.16,238.5,236.3,241.3,238.1,757.7,753.6,764.2,755.3,69.9,72.3,3.31,0.3,101.7
00:03:19,4371.8,88.5,6.4,2517,24.83,14.08,238.3,236.9,241.0,237.5,758.4,752.6,763.7,754.9,69.7,71.5,2.94,-1.63,100.5
00:03:20,4387.0,88.2,6.2,2508,24.83,14.15,238.8,236.4,240.9,237.1,757.3,753.9,764.7,753.9,70.1,71.8,3.4,-0.7,101.0
00:03:21,4400.9,88.4,6.6,2512,24.8,14.13,237.9,235.9,240.4,237.1,759.3,753.9,764.1,757.2,70.4,71.8,3.21,-0.12,101.3
00:03:22,4415.5,89.3,6.1,2520,24.9,14.12,238.3,236.5,240.2,237.4,757.4,754.1,763.1,756.3,69.5,72.1,2.95,1.09,101.6
00:03:23,4436.2,89.6,6.0,2511,24.79,14.01,237.9,235.7,240.1,237.2,759.9,751.4,762.2,755.9,70.1,72.5,3.33,-0.83,101.4
00:03:24,4446.4,89.7,6.0,2517,24.87,14.1,237.9,236.1,240.3,237.3,760.2,753.6,761.9,756.1,70.6,71.8,3.07,-1.32,101.8
00:03:25,4461.3,89.1,6.2,2508,24.84,13.98,238.3,235.3,239.8,237.1,758.0,751.6,762.1,754.4,70.3,72.5,3.0,1.74,102.3
00:03:26,4465.0,88.6,6.3,2518,24.79,14.12,238.0,235.7,239.6,236.2,759.0,753.2,763.8,756.9,70.5,72.9,3.2,-0.16,101.6
00:03:27,4480.7,88.4,6.3,2515,24.75,14.14,237.6,235.2,239.4,236.4,757.5,751.0,762.6,753.4,70.2,72.1,3.15,0.5,101.7
00:03:28,4494.8,89.1,6.5,2509,24.75,13.95,237.9,235.7,239.5,236.1,757.0,751.5,762.2,755.0,70.6,72.2,2.93,-0.05,101.1
00:03:29,4521.9,89.5,6.1,2510,24.74,14.07,237.3,234.8,240.0,236.7,756.6,753.7,762.9,754.0,70.5,73.0,3.26,1.99,101.7
00:03:30,4525.2,88.2,5.8,2505,24.83,13.99,237.1,235.1,239.0,235.8,757.6,752.3,763.4,755.1,69.5,72.4,3.13,0.35,100.6
00:03:31,4549.9,89.1,6.0,2512,24.71,14.02,236.9,234.6,239.3,235.9,759.4,749.7,762.3,754.3,69.7,73.1,2.96,-0.97,101.5
00:03:32,4554.5,89.0,5.6,2506,24.8,14.06,237.4,234.6,239.5,235.8,758.8,750.4,762.2,753.7,70.3,72.5,3.4,0.06,100.7
00:03:33,4565.8,88.5,5.8,2507,24.7,13.92,236.5,234.3,238.9,235.4,756.8,750.4,761.7,755.2,69.8,73.2,3.36,0.81,101.8
00:03:34,4579.3,88.9,5.9,2511,24.76,14.09,236.2,234.7,238.5,235.5,757.2,753.2,764.3,756.0,69.7,72.5,3.1,1.19,100.6
00:03:35,4609.2,89.7,5.6,2517,24.75,14.01,236.4,234.8,238.5,235.9,759.0,749.7,763.1,755.6,70.5,73.2,3.0,-1.54,102.3
00:03:36,4617.8,89.0,5.6,2507,24.67,13.97,236.4,233.9,238.6,235.0,758.7,752.0,762.7,753.2,70.6,73.2,3.38,0.92,100.9
00:03:37,4634.1,88.6,5.5,2507,24.71,13.97,236.3,234.0,238.7,235.4,758.7,749.8,761.3,755.5,69.5,72.9,3.33,-0.12,101.3
00:03:38,4644.3,89.1,5.7,2506,24.61,13.99,235.7,234.1,238.4,235.1,755.4,752.4,761.7,755.2,69.7,73.4,2.82,-0.28,100.7
00:03:39,4663.4,89.7,5.4,2513,24.69,13.89,235.6,234.2,238.8,235.1,755.9,749.2,762.5,752.9,70.3,73.4,3.22,1.93,100.7
00:03:40,4668.3,89.0,5.7,2514,24.66,13.91,235.6,233.6,238.3,234.9,755.3,751.3,761.9,755.7,69.7,72.9,3.07,-0.73,101.8
00:03:41,4689.6,88.3,5.8,2503,24.67,13.95,236.3,234.0,238.5,235.0,755.2,751.1,764.3,753.0,70.4,73.7,3.12,1.36,102.0
00:03:42,4708.1,89.5,5.9,2509,24.65,13.85,235.4,233.8,237.8,234.9,758.0,749.2,760.6,754.1,70.0,73.8,2.8,-1.3,102.5
00:03:43,4712.5,88.6,5.7,2512,24.63,14.01,235.9,233.1,237.7,234.7,757.6,751.4,760.6,752.6,70.2,73.5,3.06,0.73,101.2
00:03:44,4738.4,89.3,5.2,2510,24.59,13.98,235.5,232.8,237.2,234.3,756.7,749.1,761.1,755.4,70.0,73.2,3.24,-0.8,101.6
00:03:45,4751.8,88.8,6.0,2510,24.61,13.95,235.1,233.2,237.5,234.5,758.4,749.7,763.3,754.8,70.3,73.2,3.06,-1.55,101.4
00:03:46,4768.5,89.2,5.4,2515,24.56,13.96,234.7,232.8,237.5,233.8,757.9,749.1,761.9,753.0,70.0,73.6,3.22,-1.56,102.3
00:03:47,4778.7,89.7,5.4,2505,24.5,13.9,234.8,232.9,237.4,233.6,756.0,748.9,760.1,752.3,69.7,73.7,2.91,-0.7,101.4
00:03:48,4791.6,89.3,5.4,2506,24.54,13.82,234.5,233.2,237.7,234.1,756.7,751.3,761.1,753.5,69.6,73.8,2.96,0.69,100.8
00:03:49,4811.3,89.0,5.4,2508,24.51,13.89,234.9,232.2,236.7,234.2,756.8,751.0,760.8,752.9,69.4,74.2,3.15,-0.02,100.7
00:03:50,4824.2,88.4,5.1,2503,24.58,13.84,234.7,232.1,236.7,234.0,755.1,749.0,760.3,751.8,70.4,74.1,3.3,-0.38,101.4
00:03:51,4836.2,89.6,5.8,2503,24.52,13.9,234.6,232.8,236.4,233.9,754.1,748.9,763.0,751.0,70.5,74.3,3.23,-0.3,100.7
00:03:52,4848.2,89.4,5.1,2511,24.44,13.91,234.7,232.3,236.8,233.4,755.2,751.6,761.0,753.3,69.6,73.9,3.27,-0.63,101.6
00:03:53,4853.4,89.7,5.0,2502,24.43,13.93,234.6,231.8,236.5,233.2,756.1,748.9,761.3,752.4,69.5,74.3,2.94,-1.07,101.8
00:03:54,4875.3,89.0,5.3,2511,24.42,13.83,233.8,232.5,236.4,232.8,757.1,750.8,759.5,752.7,70.1,73.6,3.28,0.52,101.4
00:03:55,4891.2,89.6,5.3,2499,24.53,13.87,234.0,231.8,236.3,233.3,754.5,747.8,759.7,753.6,70.5,74.6,3.21,-1.54,101.3
00:03:56,4896.8,89.5,5.1,2501,24.38,13.77,234.2,232.1,235.8,233.1,756.5,749.2,759.8,752.8,69.6,74.0,2.71,0.66,100.7
00:03:57,4922.4,89.8,5.0,2502,24.43,13.76,233.7,232.0,235.7,232.5,754.2,749.5,761.4,753.3,70.1,74.5,3.04,0.07,101.0
00:03:58,4927.6,88.5,5.5,2505,24.4,13.91,234.0,231.1,236.4,232.2,754.1,750.3,760.3,753.2,70.2,74.0,2.94,-0.53,101.5
00:03:59,4937.9,89.7,5.4,2508,24.42,13.91,233.7,231.8,235.6,232.8,755.5,747.5,759.9,752.1,69.8,74.5,3.18,-1.18,101.5
00:04:00,4955.1,89.1,5.5,2501,24.39,13.78,233.5,231.0,235.6,232.9,755.1,747.3,760.8,751.1,70.1,73.9,2.74,1.03,100.9
00:04:01,4981.7,88.9,5.2,2500,24.37,13.72,233.6,230.8,235.2,232.0,755.5,749.5,759.4,751.9,70.2,74.5,3.16,-1.77,100.9
00:04:02,4986.3,88.9,5.1,2498,24.38,13.78,233.0,231.5,236.0,231.8,754.7,748.9,759.7,752.7,69.5,74.0,3.0,-0.89,101.8
00:04:03,5011.4,88.7,5.1,2504,24.45,13.85,233.2,231.1,235.7,232.4,755.6,749.0,760.1,751.3,69.8,74.1,3.04,0.14,101.9
00:04:04,5020.0,89.0,4.9,2508,24.37,13.84,232.5,231.1,235.0,231.6,752.8,748.6,761.7,750.2,69.9,74.5,2.79,-1.09,101.9
00:04:05,5027.8,89.0,4.8,2506,24.28,13.78,232.3,230.9,235.0,231.3,753.0,748.0,762.0,749.9,69.8,74.5,3.08,-0.05,102.2
00:04:06,5041.7,89.1,5.0,2500,24.34,13.83,233.0,231.0,234.9,232.0,754.2,748.7,761.1,752.2,69.5,75.0,2.93,-0.39,100.8
00:04:07,5060.2,88.7,4.8,2508,24.29,13.8,232.3,229.9,234.8,231.5,755.5,750.4,762.2,752.4,70.1,74.5,2.97,-1.54,101.0
00:04:08,5072.6,89.7,5.1,2499,24.31,13.68,232.5,230.0,234.9,231.1,753.6,747.0,760.6,753.4,69.6,74.7,2.98,0.31,101.8
00:04:09,5087.1,88.8,5.3,2501,24.37,13.72,231.9,230.2,235.1,231.5,754.9,749.0,758.7,753.2,69.7,74.2,2.72,0.12,100.8
00:04:10,5096.8,89.6,5.0,2497,24.3,13.73,232.3,230.2,234.8,231.1,753.9,749.0,761.7,752.6,70.0,74.4,2.88,-0.85,101.0
00:04:11,5114.4,89.8,5.0,2499,24.21,13.65,231.6,230.1,234.4,230.8,754.3,749.2,758.7,753.1,69.9,75.3,2.62,0.27,100.9
00:04:12,5125.8,88.8,4.9,2504,24.29,13.67,231.8,230.3,234.1,231.0,753.0,749.7,760.1,752.1,69.7,74.7,2.81,1.3,101.4
00:04:13,5150.8,88.6,4.6,2505,24.26,13.77,231.7,229.7,234.5,230.7,755.5,749.4,760.5,749.8,70.3,75.0,2.63,-0.28,102.6
00:04:14,5164.8,88.6,4.6,2498,24.2,13.75,231.7,229.5,233.8,230.3,753.2,747.8,760.0,749.5,69.7,75.3,3.04,-1.31,102.0
00:04:15,5175.7,89.4,4.9,2504,24.31,13.78,231.0,229.6,233.9,230.7,753.5,746.7,759.0,752.5,70.3,75.0,2.71,0.95,101.4
00:04:16,5181.4,89.7,4.7,2496,24.14,13.6,231.8,229.1,233.7,230.5,754.7,746.2,758.4,751.7,70.0,75.2,2.83,0.03,102.7
00:04:17,5198.5,89.4,4.8,2500,24.18,13.69,231.1,229.3,233.8,229.8,753.5,748.9,759.6,751.9,69.4,74.7,2.66,-0.94,102.7
00:04:18,5213.7,89.4,5.0,2504,24.2,13.7,231.0,229.3,233.6,230.6,755.3,746.2,760.0,750.3,69.8,75.3,2.77,-0.8,101.0
00:04:19,5239.0,89.4,4.8,2496,24.2,13.61,231.0,229.0,233.9,230.4,752.4,745.5,760.5,752.1,69.4,74.8,3.03,0.66,102.5
00:04:20,5247.2,89.7,4.7,2494,24.2,13.75,231.1,228.8,232.9,229.6,751.7,747.3,757.8,751.2,69.7,74.7,2.83,-1.91,101.2
00:04:21,5264.1,89.5,4.3,2498,24.08,13.64,231.1,228.7,233.5,229.7,755.1,748.1,760.6,748.7,69.5,75.1,2.99,-1.8,102.4
00:04:22,5282.2,88.9,4.5,2505,24.13,13.72,231.0,228.8,233.3,229.8,754.2,745.8,758.9,752.0,69.9,75.7,3.08,-1.03,100.9
00:04:23,5288.0,89.3,4.4,2500,24.11,13.68,230.4,228.0,233.1,229.7,754.6,746.9,759.4,751.8,70.1,75.4,2.61,-0.43,102.2
00:04:24,5299.0,90.0,4.3,2504,24.08,13.54,230.4,228.6,233.2,229.5,752.7,746.9,758.0,749.8,69.5,75.7,2.89,1.21,101.0
00:04:25,5320.6,89.6,4.5,2503,24.16,13.58,230.1,227.6,232.8,228.9,751.3,745.4,759.0,751.4,70.3,75.3,2.6,1.51,101.4
00:04:26,5331.8,89.7,4.3,2493,24.08,13.65,230.0,227.6,232.2,228.7,752.3,746.1,760.7,750.8,69.4,74.9,2.95,1.31,102.5
00:04:27,5339.2,90.0,4.5,2503,24.02,13.69,230.3,227.8,232.5,229.4,751.6,745.6,759.4,750.2,69.8,75.5,2.65,-0.02,101.4
00:04:28,5355.5,90.0,4.4,2504,24.15,13.65,229.6,228.2,232.6,228.9,754.5,746.7,758.5,749.3,70.0,75.4,3.05,1.49,102.9
00:04:29,5374.8,90.0,4.6,2505,24.02,13.69,230.1,227.1,232.6,228.6,751.8,747.1,760.1,750.4,69.5,75.7,2.72,0.39,101.9
00:04:30,5387.1,90.2,4.1,2497,24.08,13.61,229.3,227.7,232.7,228.2,754.0,746.4,757.3,751.4,69.8,75.2,3.0,-0.78,101.6
00:04:31,5399.2,89.6,4.3,2500,24.1,13.52,229.9,227.0,232.6,229.0,752.4,746.4,759.1,749.8,70.0,75.7,2.95,-1.3,102.1
00:04:32,5420.3,89.5,4.6,2503,24.03,13.67,229.7,227.5,232.0,227.9,751.4,748.0,759.6,751.2,70.0,75.7,2.61,-0.96,102.8
00:04:33,5438.3,89.6,4.2,2492,24.06,13.64,229.1,227.2,231.9,228.0,751.0,744.5,759.6,748.3,70.0,75.8,2.55,0.26,103.0
00:04:34,5454.7,88.9,4.1,2502,24.0,13.65,228.7,226.5,231.3,227.7,753.7,747.5,758.2,748.6,70.4,75.9,2.93,-1.82,101.9
00:04:35,5469.2,89.6,3.9,2496,23.99,13.59,229.3,227.0,231.7,228.4,750.1,745.2,758.2,749.9,70.0,75.4,2.91,-0.55,102.7
00:04:36,5467.5,89.5,4.0,2497,23.95,13.63,228.8,226.9,231.4,227.6,753.2,747.1,759.9,747.6,70.4,75.2,2.94,1.87,101.9
00:04:37,5483.4,90.0,3.9,2494,23.97,13.64,228.9,227.0,231.4,227.4,752.7,744.5,759.1,747.2,69.6,76.1,2.81,1.65,101.8
00:04:38,5503.7,89.5,4.2,2502,23.94,13.54,228.3,226.0,231.0,227.8,751.2,746.6,756.1,748.8,70.5,75.4,2.79,1.7,102.6
00:04:39,5513.3,88.8,3.9,2500,23.94,13.49,228.3,226.2,231.2,227.1,753.1,744.3,758.2,747.2,70.5,75.9,2.55,-1.23,102.2
00:04:40,5539.6,90.0,4.2,2502,23.92,13.45,228.2,226.3,231.2,227.0,753.2,747.2,757.0,749.2,70.1,75.4,2.84,-0.0,102.0
00:04:41,5546.6,90.1,3.7,2500,23.95,13.54,228.4,226.3,231.0,227.5,753.4,743.9,759.2,747.2,70.4,75.7,2.51,0.35,102.8
00:04:42,5568.5,89.3,4.4,2496,23.89,13.43,228.6,226.4,230.6,226.8,750.8,746.5,756.9,749.7,70.2,75.9,2.95,-1.54,102.5
00:04:43,5574.2,88.8,4.3,2488,23.9,13.44,228.1,225.8,230.9,226.6,751.8,746.5,758.8,746.7,69.7,75.9,2.46,-1.97,101.4
00:04:44,5583.2,89.5,4.2,2491,23.9,13.4,227.6,226.1,230.5,227.0,750.2,744.4,757.9,749.1,70.2,75.9,3.01,-1.71,101.5
00:04:45,5608.1,89.9,4.0,2490,23.85,13.45,227.6,225.9,230.1,226.5,752.9,744.8,756.4,746.5,70.4,76.1,2.83,-0.77,102.4
00:04:46,5620.3,89.8,4.1,2495,23.9,13.55,227.1,225.4,230.2,226.3,749.7,744.6,757.6,749.8,69.6,76.3,2.66,-1.45,101.9
00:04:47,5629.9,89.4,3.9,2499,23.85,13.45,227.1,225.2,230.2,226.2,752.6,744.2,757.9,746.6,69.7,75.9,2.71,-0.14,103.0
00:04:48,5648.3,89.1,3.7,2498,23.81,13.47,227.6,225.4,229.7,226.0,752.1,744.8,758.8,746.2,69.9,75.5,2.85,1.02,101.5
00:04:49,5669.1,89.5,3.8,2498,23.91,13.45,226.9,225.1,229.4,226.0,749.8,743.2,757.1,747.6,70.4,75.5,2.88,-1.67,101.2
00:04:50,5680.3,89.7,4.1,2489,23.83,13.4,227.0,225.5,230.1,226.1,749.3,743.3,757.8,748.3,70.1,76.1,2.67,1.68,102.4
00:04:51,5694.9,89.5,3.4,2491,23.79,13.43,227.5,225.3,229.8,226.2,750.0,746.1,758.5,747.4,70.0,76.4,2.94,-0.62,103.0
00:04:52,5701.4,88.9,3.7,2493,23.87,13.47,227.3,224.5,229.7,226.3,751.8,743.6,757.0,747.2,70.2,76.3,2.71,1.0,101.2
00:04:53,5724.6,89.4,4.0,2489,23.84,13.45,227.3,224.5,229.3,225.3,752.3,746.3,758.6,745.7,69.5,76.2,2.78,-0.92,103.0
00:04:54,5728.1,89.5,3.5,2498,23.73,13.5,226.6,224.7,229.8,225.6,751.0,742.5,757.8,747.5,70.4,76.1,2.64,-0.08,102.9
00:04:55,5743.7,89.0,3.9,2491,23.77,13.44,226.5,224.2,229.7,225.6,750.3,744.0,757.6,745.5,70.1,75.9,2.71,1.49,102.6
00:04:56,5767.6,90.0,3.4,2486,23.75,13.44,226.6,224.8,228.7,225.0,751.9,744.8,758.3,746.8,70.0,76.0,2.63,0.38,101.6
00:04:57,5773.4,89.7,3.6,2486,23.77,13.4,226.2,224.7,228.7,224.9,748.3,745.4,756.7,746.0,70.5,76.3,2.54,-0.53,102.5
00:04:58,5795.3,89.8,3.9,2487,23.74,13.38,226.2,223.7,228.8,225.3,750.9,744.3,757.9,746.2,69.6,76.4,2.73,0.53,101.9
00:04:59,5812.5,89.5,3.5,2492,23.78,13.35,225.8,223.8,228.5,225.5,750.5,741.9,754.6,745.1,70.0,75.6,2.46,-0.07,103.1
00:05:00,5820.3,90.0,3.7,2495,23.75,13.38,226.2,223.7,228.5,224.5,748.9,742.5,756.0,745.8,70.6,76.2,2.38,-1.2,102.4
00:05:01,5825.5,89.6,3.5,2496,23.75,13.48,225.4,224.1,228.1,225.1,750.6,742.8,754.1,745.2,69.5,76.1,2.72,0.31,101.8
00:05:02,5848.9,90.0,3.3,2485,23.71,13.37,225.6,223.9,228.9,224.4,750.4,742.7,754.7,747.9,69.5,76.4,2.59,1.06,101.4
00:05:03,5862.8,90.2,3.3,2496,23.71,13.31,225.7,223.7,228.2,224.8,749.9,742.7,757.4,746.9,70.0,76.4,2.73,1.44,102.5
00:05:04,5874.6,90.3,3.6,2491,23.69,13.29,225.3,223.5,228.4,224.8,750.2,744.1,756.9,744.7,69.9,75.7,2.92,1.33,102.8
00:05:05,5888.2,90.2,3.6,2493,23.58,13.3,225.2,222.8,228.1,224.7,747.7,742.1,755.8,746.6,69.9,76.5,2.46,1.75,103.2
00:05:06,5897.6,89.5,3.6,2486,23.69,13.44,225.6,223.1,227.9,224.0,747.5,741.8,754.0,747.0,70.4,76.0,2.69,-1.88,102.2
00:05:07,5914.0,89.5,2.9,2490,23.7,13.33,225.0,222.6,227.5,224.0,749.2,742.3,756.6,747.7,70.4,76.5,2.39,1.21,102.8
00:05:08,5933.6,89.5,3.2,2493,23.62,13.33,225.0,222.7,227.3,224.4,750.1,745.0,754.1,744.7,69.5,76.6,2.77,1.61,102.2
00:05:09,5939.2,90.0,3.2,2484,23.63,13.28,225.2,222.8,228.1,223.7,750.4,744.1,754.5,747.5,70.2,76.2,2.78,-0.57,102.3
00:05:10,5964.1,90.6,2.9,2489,23.6,13.3,224.3,222.6,227.9,223.7,748.4,741.9,754.6,747.5,70.2,76.6,2.54,1.52,101.6
00:05:11,5971.4,89.5,2.8,2485,23.53,13.37,224.9,222.7,227.5,224.0,750.5,744.7,754.5,747.7,70.5,76.5,2.63,0.62,102.5
00:05:12,5992.2,89.1,3.3,2484,23.54,13.28,224.2,222.7,227.6,223.4,748.0,743.2,757.1,746.2,70.0,76.7,2.57,-1.73,103.3
00:05:13,6010.9,89.4,3.1,2487,23.61,13.34,223.9,222.5,227.6,223.6,749.5,744.0,753.4,744.3,70.4,76.1,2.79,1.49,102.9
00:05:14,6023.4,89.7,3.0,2494,23.53,13.24,223.9,221.8,226.8,223.4,747.6,742.8,754.4,745.2,70.0,76.1,2.76,0.51,102.9
00:05:15,6028.8,89.7,3.2,2484,23.51,13.27,224.6,222.5,227.1,223.0,749.3,743.2,755.4,745.5,69.6,76.0,2.65,1.52,102.5
00:05:16,6052.5,90.5,2.8,2490,23.47,13.2,223.7,221.6,226.5,222.5,747.3,743.4,753.0,746.0,70.1,76.5,2.33,0.36,103.4
00:05:17,6063.7,90.6,2.7,2492,23.56,13.28,223.9,222.1,226.2,222.7,749.8,741.4,753.2,744.1,69.5,76.7,2.8,-1.02,102.5
00:05:18,6081.4,89.3,2.8,2483,23.49,13.23,223.3,221.5,226.4,222.8,747.7,741.5,753.6,746.3,69.5,76.1,2.61,-1.75,101.8
00:05:19,6089.1,90.1,2.6,2484,23.55,13.29,223.9,221.5,226.6,222.5,748.5,741.5,756.5,745.7,69.8,76.3,2.82,-1.56,102.5
00:05:20,6111.6,90.3,3.1,2484,23.49,13.17,223.7,221.7,225.8,222.5,749.2,744.1,756.2,746.2,70.2,75.9,2.3,-0.62,103.2
00:05:21,6125.7,90.3,3.1,2486,23.4,13.29,223.5,221.0,226.3,222.2,748.2,741.1,756.4,747.0,69.8,75.9,2.81,1.9,103.0
00:05:22,6134.1,89.3,3.1,2483,23.44,13.16,223.7,221.4,226.2,222.7,745.9,740.2,753.5,746.7,69.7,76.2,2.81,0.34,102.4
00:05:23,6139.9,89.5,2.8,2480,23.4,13.23,223.2,220.7,225.8,222.5,747.7,742.2,752.6,746.8,69.6,75.9,2.3,1.51,102.3
00:05:24,6166.4,89.1,2.9,2481,23.36,13.22,223.3,220.8,226.0,222.4,748.9,742.0,753.9,744.1,69.6,76.1,2.76,1.78,102.8
00:05:25,6168.4,89.9,3.0,2479,23.45,13.23,222.7,221.1,225.8,221.4,747.0,741.9,753.8,744.4,69.6,76.0,2.24,0.72,103.5
00:05:26,6182.9,89.7,2.6,2488,23.42,13.28,223.1,220.4,225.3,222.0,748.8,741.8,755.1,744.8,69.5,76.7,2.4,-0.35,103.1
00:05:27,6209.2,90.5,2.6,2490,23.45,13.26,222.8,220.9,225.3,221.3,746.4,740.3,752.7,746.2,69.6,76.8,2.72,-0.38,101.7
00:05:28,6212.3,90.4,2.8,2486,23.32,13.26,222.3,220.7,225.9,221.6,748.0,741.5,753.0,745.5,69.6,76.2,2.77,0.24,103.2
00:05:29,6234.2,89.4,3.0,2487,23.34,13.21,222.2,220.3,225.2,221.0,747.5,743.3,754.2,744.1,70.2,75.9,2.44,-1.67,103.3
00:05:30,6249.2,90.1,2.4,2485,23.41,13.27,222.4,220.1,225.4,221.6,748.5,741.4,752.0,744.3,70.3,76.5,2.65,-1.81,102.9
00:05:31,6269.2,89.2,2.4,2487,23.38,13.26,222.1,220.1,225.5,221.4,747.4,739.5,751.9,744.9,70.4,76.7,2.54,1.84,103.1
00:05:32,6274.4,90.2,2.4,2488,23.28,13.22,222.1,219.9,224.7,221.1,745.8,742.4,754.3,743.6,69.6,76.0,2.2,-1.71,102.8
00:05:33,6282.6,89.5,2.7,2488,23.29,13.1,221.8,220.0,224.4,220.8,748.7,740.1,752.2,743.7,69.5,76.0,2.45,0.25,101.7
00:05:34,6310.1,89.7,2.6,2477,23.28,13.24,221.8,219.4,224.6,220.4,746.7,741.0,754.6,745.7,69.4,76.3,2.46,-0.59,103.4
00:05:35,6316.0,89.4,2.2,2476,23.39,13.16,221.7,220.0,224.1,220.9,746.4,741.8,755.1,742.4,69.6,76.8,2.58,0.55,103.5
00:05:36,6326.2,90.1,2.1,2483,23.28,13.05,221.4,219.5,224.1,220.7,745.1,739.2,753.5,742.4,69.7,76.7,2.25,1.08,102.7
00:05:37,6355.3,89.3,2.3,2488,23.26,13.18,221.2,219.4,223.9,220.9,745.4,739.2,755.1,745.0,70.1,76.5,2.63,0.12,103.0
00:05:38,6358.7,89.4,2.1,2478,23.2,13.04,221.5,219.4,224.5,220.5,746.5,741.9,752.5,743.7,70.3,76.6,2.72,-0.33,102.3
00:05:39,6374.1,90.3,2.1,2482,23.3,13.07,221.3,219.4,224.3,220.1,746.7,742.1,755.0,743.2,69.8,76.2,2.41,1.71,101.8
00:05:40,6388.5,90.1,2.7,2478,23.23,13.07,221.5,218.7,224.4,220.1,748.0,741.3,754.3,743.6,69.6,76.6,2.5,-1.99,102.5
00:05:41,6407.0,89.9,2.1,2477,23.24,13.16,221.3,218.7,224.1,220.3,747.0,739.7,751.0,744.2,70.5,76.8,2.5,1.69,102.5
00:05:42,6424.2,90.6,2.5,2481,23.21,13.19,220.5,218.3,224.1,219.4,745.4,739.2,754.3,742.8,70.3,76.1,2.66,-0.25,103.5
00:05:43,6433.9,90.1,1.9,2477,23.14,13.15,220.5,219.0,223.3,220.0,745.5,742.1,751.6,742.3,70.1,76.7,2.36,-0.05,102.6
00:05:44,6450.9,89.8,2.2,2476,23.14,13.1,220.2,218.7,224.0,220.0,746.5,738.4,752.0,743.5,70.2,75.9,2.42,-0.89,102.0
00:05:45,6453.8,89.4,2.5,2486,23.12,13.14,220.1,218.3,223.2,219.3,747.0,741.3,753.1,742.1,69.8,75.9,2.49,0.69,102.9
00:05:46,6485.0,90.3,1.9,2482,23.17,13.12,220.5,218.6,223.5,219.7,745.3,741.8,750.9,744.5,70.6,76.5,2.17,-0.05,103.3
00:05:47,6491.9,90.0,2.0,2479,23.1,13.07,220.0,217.9,223.6,218.8,747.5,739.3,753.0,743.8,70.1,76.7,2.59,0.07,103.5
00:05:48,6499.3,90.1,2.4,2483,23.15,13.13,219.7,217.8,223.3,218.8,747.5,741.7,752.8,741.8,70.4,76.0,2.23,-1.1,103.3
00:05:49,6522.2,90.2,2.0,2474,23.1,13.01,220.1,217.6,223.3,218.6,744.6,738.8,752.1,743.5,69.5,76.3,2.23,-1.72,101.9
00:05:50,6534.9,89.6,1.8,2475,23.18,13.12,220.2,217.6,222.4,218.4,743.8,740.6,750.3,743.8,70.1,76.2,2.13,-1.96,102.1
00:05:51,6547.3,89.5,2.3,2486,23.16,12.98,220.2,217.1,222.7,219.1,745.0,737.6,750.7,741.0,69.8,76.8,2.58,1.12,102.1
00:05:52,6554.9,89.7,2.0,2483,23.17,13.01,219.7,217.8,222.6,218.7,746.0,738.3,751.5,742.4,69.8,76.1,2.2,0.19,102.3
00:05:53,6569.6,90.1,2.3,2478,23.06,13.09,219.8,217.0,222.9,218.0,745.0,738.2,750.7,740.7,70.2,75.9,2.4,1.49,102.5
00:05:54,6585.5,90.5,2.0,2474,23.04,13.04,219.3,216.8,222.1,218.5,746.9,739.6,752.2,743.0,69.6,76.5,2.43,1.95,102.2
00:05:55,6607.6,90.0,1.9,2485,23.1,12.97,218.8,217.2,222.7,218.5,746.9,738.0,750.9,742.8,69.5,76.1,2.38,1.67,101.8
00:05:56,6618.6,89.7,1.5,2478,23.02,13.01,218.7,217.2,222.2,218.3,744.9,737.8,752.5,740.1,70.5,76.7,2.27,1.09,102.8
00:05:57,6626.5,89.6,1.6,2482,23.01,13.01,218.6,216.7,221.7,217.6,745.5,741.0,750.1,740.2,70.2,76.7,2.27,1.72,102.9
00:05:58,6645.3,89.9,1.7,2484,23.0,13.09,219.1,217.1,222.1,217.6,743.1,739.4,753.2,743.2,69.5,76.4,2.32,1.89,102.5
00:05:59,6667.1,89.6,2.1,2479,23.1,13.08,218.6,216.2,221.9,218.1,745.7,737.5,751.0,742.3,69.7,76.4,2.39,-0.72,102.8
00:06:00,6681.7,90.2,1.5,2479,23.1,12.95,218.6,216.8,222.1,217.5,746.2,740.2,750.2,740.6,70.1,75.9,2.22,-1.69,102.2
00:06:01,6687.5,90.1,1.6,2477,23.06,13.05,218.6,216.4,221.4,217.2,744.1,737.8,749.6,740.7,70.3,76.1,2.58,-0.52,103.3
00:06:02,6696.6,90.0,1.7,2479,23.01,13.04,218.2,216.5,221.7,217.9,745.4,736.7,752.0,741.7,69.9,76.7,2.52,-0.38,103.4
00:06:03,6726.9,89.5,1.9,2475,23.01,13.02,218.6,216.5,221.2,217.5,744.0,740.4,749.2,741.4,69.8,76.0,2.04,0.39,102.5
00:06:04,6727.1,90.3,1.5,2482,22.94,12.93,218.2,216.3,221.4,216.9,744.0,738.8,749.3,743.2,70.0,76.5,2.39,1.55,102.6
00:06:05,6754.8,89.5,1.5,2474,22.94,12.85,218.1,216.2,221.0,216.7,745.7,737.3,749.9,742.1,70.0,76.6,2.57,0.51,103.0
00:06:06,6768.2,89.7,1.5,2483,23.0,12.91,217.9,216.2,221.3,216.8,745.3,739.8,750.9,740.4,70.5,76.6,2.14,1.98,103.8
00:06:07,6781.4,89.7,1.6,2470,22.96,12.83,218.1,215.5,220.6,217.0,743.8,738.7,750.2,739.6,70.1,76.8,2.2,0.95,102.3
00:06:08,6793.2,90.4,1.3,2471,23.01,12.95,218.1,215.7,220.5,217.2,745.8,738.2,749.6,742.1,70.2,76.6,2.19,1.57,102.1
00:06:09,6807.8,89.6,1.8,2480,22.89,12.95,217.9,215.1,220.5,216.9,745.3,739.6,751.0,740.9,70.5,76.4,2.6,0.98,102.4
00:06:10,6819.4,90.8,1.5,2475,22.91,12.88,217.7,215.5,220.2,216.8,745.0,738.8,752.2,742.6,69.4,76.7,2.4,0.21,102.2
00:06:11,6841.0,89.9,1.8,2470,22.86,12.86,217.1,214.8,220.5,216.7,744.6,738.8,749.2,742.1,70.1,76.5,2.13,0.04,103.1
00:06:12,6856.0,90.9,1.1,2475,22.84,12.81,217.5,215.0,220.4,216.6,745.5,737.4,751.3,738.7,69.6,76.2,2.16,-1.27,103.2
00:06:13,6859.6,90.9,1.4,2478,22.88,12.98,216.8,214.5,220.3,216.2,741.7,737.2,749.3,742.2,70.0,76.4,2.51,0.77,102.9
00:06:14,6874.0,91.0,1.3,2474,22.86,12.96,217.4,215.3,219.8,215.6,742.9,737.8,748.5,742.1,70.2,76.3,2.34,1.25,103.3
00:06:15,6893.3,90.5,1.3,2467,22.87,12.83,217.0,215.2,220.0,215.4,742.4,739.0,749.0,739.1,69.5,75.8,2.43,-0.82,103.9
00:06:16,6912.4,89.5,1.6,2469,22.89,12.79,216.3,214.6,219.9,215.7,744.2,737.0,752.1,741.8,69.5,76.0,2.23,1.85,103.5
00:06:17,6925.0,89.8,1.1,2471,22.81,12.95,216.7,214.6,219.3,215.4,745.2,736.4,750.8,740.9,69.6,76.7,2.41,1.23,102.0
00:06:18,6938.7,91.0,1.3,2479,22.83,12.84,216.6,214.0,219.8,215.7,742.3,735.6,749.9,740.4,69.5,76.4,2.38,1.62,102.4
00:06:19,6948.5,91.1,0.9,2471,22.85,12.77,216.1,214.2,219.3,215.7,742.1,737.1,751.3,741.1,69.6,75.8,2.52,-1.31,103.9
00:06:20,6961.8,89.9,1.4,2472,22.85,12.81,216.5,214.5,219.0,215.5,744.4,737.7,750.1,738.7,69.9,76.6,2.46,1.81,102.4
00:06:21,6970.9,91.0,1.4,2471,22.85,12.74,216.1,214.3,218.9,215.6,744.4,736.7,747.9,740.1,69.7,76.7,1.99,1.61,103.3
00:06:22,6982.8,90.3,1.4,2471,22.74,12.92,216.2,213.8,218.8,215.5,743.8,738.1,750.2,738.5,69.9,76.5,2.15,-0.57,104.0
00:06:23,7012.5,90.4,1.0,2471,22.75,12.84,215.9,213.3,218.8,215.3,742.9,736.1,750.6,739.4,69.4,76.6,2.32,0.62,103.6
00:06:24,7018.8,90.5,1.4,2468,22.71,12.82,216.0,213.2,219.2,214.7,743.1,738.4,748.5,740.3,70.5,75.9,2.35,-0.08,103.6
00:06:25,7041.9,90.0,0.9,2471,22.81,12.72,216.0,213.9,219.3,214.2,744.1,736.5,751.0,740.2,70.1,76.2,2.15,-1.84,103.8
00:06:26,7056.6,90.2,1.3,2471,22.68,12.85,215.9,213.9,219.0,214.7,742.3,736.2,748.4,738.3,70.3,76.5,2.21,1.74,103.6
00:06:27,7068.4,91.2,1.3,2465,22.7,12.87,215.8,213.5,218.8,214.2,742.7,737.3,747.8,740.2,69.5,76.0,2.37,-1.54,102.3
00:06:28,7070.9,90.2,1.0,2469,22.71,12.87,215.4,212.9,218.7,214.5,743.4,735.6,748.3,738.9,70.1,76.1,2.19,-1.96,102.8
00:06:29,7085.1,90.3,1.2,2477,22.73,12.78,215.2,213.2,218.4,214.3,741.0,736.1,747.8,737.6,70.4,76.0,2.43,1.16,103.6
00:06:30,7099.8,89.9,1.2,2465,22.69,12.8,214.8,213.4,218.2,213.8,741.6,737.7,747.9,737.5,69.6,76.7,2.32,1.51,103.8
00:06:31,7128.2,90.5,0.7,2469,22.75,12.69,214.6,213.1,217.9,214.2,740.1,737.1,748.9,737.6,70.3,75.9,2.35,-0.07,103.9
00:06:32,7127.0,91.3,1.1,2464,22.64,12.7,214.4,212.7,218.0,213.6,742.3,735.2,749.9,737.7,69.4,75.8,1.9,-1.85,102.6
00:06:33,7156.4,91.2,0.5,2473,22.68,12.77,214.9,212.8,218.2,213.4,743.8,735.1,749.6,737.0,69.9,76.5,2.17,0.21,102.7
00:06:34,7165.1,89.8,1.1,2475,22.65,12.74,214.3,212.5,218.0,213.8,743.5,734.4,749.3,739.3,69.6,76.6,1.88,-0.44,102.3
00:06:35,7169.5,90.1,0.8,2472,22.63,12.73,214.5,212.3,217.7,213.3,741.7,736.0,746.9,738.3,70.2,76.6,2.39,-0.0,102.7
00:06:36,7195.0,91.0,0.8,2464,22.62,12.69,214.3,212.4,217.3,212.9,743.1,733.8,747.3,737.4,70.0,76.6,2.29,-1.83,102.3
00:06:37,7213.9,90.1,0.6,2463,22.54,12.69,214.0,212.2,217.1,213.1,743.1,737.2,749.8,740.1,70.6,76.1,1.89,0.74,102.4
00:06:38,7226.3,90.0,0.5,2474,22.66,12.72,214.0,211.7,217.5,213.1,741.9,734.9,749.1,738.2,70.4,76.5,2.07,-0.04,102.8
00:06:39,7238.1,90.2,1.0,2474,22.56,12.81,213.5,212.2,217.0,212.6,740.4,736.8,748.3,739.9,70.0,75.7,2.15,0.47,104.0
00:06:40,7240.2,90.6,0.6,2469,22.65,12.64,214.3,211.5,216.7,213.0,739.5,736.5,749.4,739.1,70.3,76.2,1.86,1.24,102.7
00:06:41,7263.3,91.1,0.7,2466,22.64,12.65,214.0,211.6,216.8,212.8,739.9,733.6,746.6,739.1,69.6,76.3,2.31,0.23,104.2
00:06:42,7277.7,90.4,0.5,2463,22.52,12.65,213.9,211.6,216.5,213.0,743.2,734.7,749.9,736.6,70.5,76.0,2.23,0.2,104.0
00:06:43,7300.3,90.5,0.6,2466,22.51,12.64,213.6,211.9,216.8,212.7,741.0,734.4,747.4,739.3,69.6,76.2,2.36,-1.17,103.6
00:06:44,7299.4,91.1,0.7,2465,22.51,12.76,213.5,210.9,217.0,212.4,740.2,734.5,746.7,739.3,69.5,75.8,1.93,-0.38,103.1
00:06:45,7312.5,89.9,0.2,2469,22.52,12.71,213.5,210.9,216.2,212.0,740.4,734.8,747.3,738.5,70.4,76.0,1.9,-1.97,103.8
00:06:46,7339.7,90.5,0.4,2465,22.49,12.61,213.2,211.0,216.4,212.1,740.0,733.9,749.5,737.7,70.1,76.5,2.12,-0.82,103.4
00:06:47,7353.0,90.5,0.3,2465,22.56,12.66,212.6,211.0,216.6,212.4,739.1,734.0,748.3,737.7,69.7,76.1,1.82,0.84,103.0
00:06:48,7360.1,91.1,0.5,2470,22.47,12.76,213.0,210.8,216.2,211.8,740.0,736.5,747.9,736.6,69.5,76.2,1.82,-0.99,103.1
00:06:49,7381.2,90.6,0.4,2469,22.51,12.56,212.8,210.8,216.2,211.4,742.2,736.4,748.1,738.7,70.4,75.9,1.9,0.29,103.6
00:06:50,7393.3,91.2,-0.0,2468,22.44,12.63,212.9,210.3,216.4,211.4,741.1,734.3,749.4,736.9,70.0,75.6,2.13,-0.31,103.8
00:06:51,7413.8,91.2,0.5,2469,22.51,12.73,212.4,210.5,215.9,211.2,740.8,734.7,746.8,737.4,70.0,75.8,2.22,1.86,103.4
00:06:52,7417.2,90.9,0.1,2462,22.4,12.72,212.0,209.9,216.2,211.0,740.8,736.0,748.2,737.7,69.5,76.1,1.9,0.26,103.3
00:06:53,7428.0,90.8,0.7,2468,22.37,12.58,212.0,210.7,215.4,211.1,740.4,734.2,746.7,736.6,70.0,75.8,1.82,-1.87,104.1
00:06:54,7441.5,91.0,0.5,2461,22.42,12.56,212.1,210.5,215.2,210.9,740.4,733.7,747.8,738.9,70.3,76.1,2.19,0.67,103.0
00:06:55,7468.3,90.4,0.6,2461,22.44,12.54,212.5,209.6,215.2,211.1,738.7,733.3,746.0,735.7,69.5,76.4,1.93,-1.46,103.9
00:06:56,7477.1,90.2,0.2,2458,22.48,12.64,211.7,210.1,215.7,211.0,740.4,732.9,749.2,739.0,70.3,76.1,2.13,-0.91,102.4
00:06:57,7486.5,90.2,0.6,2467,22.45,12.56,212.0,210.1,215.5,211.2,738.4,733.9,747.6,738.2,69.5,75.7,2.08,1.95,104.2
00:06:58,7509.9,90.5,0.1,2465,22.36,12.59,211.8,209.6,215.1,210.6,738.4,733.7,745.9,736.5,70.3,75.6,1.96,-1.09,104.4
00:06:59,7527.2,90.7,0.3,2468,22.34,12.58,212.1,209.8,214.8,210.5,739.2,735.5,747.4,736.7,70.0,76.3,1.97,1.81,104.3
00:07:00,7530.4,90.0,-0.2,2457,22.39,12.51,211.4,209.4,215.0,210.8,739.9,733.5,745.4,735.9,70.5,75.6,1.89,-0.35,104.4
00:07:01,7546.6,91.3,0.2,2456,22.36,12.53,211.7,209.1,214.8,210.1,739.7,732.6,747.8,735.0,69.5,75.8,2.31,-0.34,103.4
00:07:02,7563.3,90.9,0.3,2467,22.27,12.49,210.8,208.9,214.9,210.2,739.7,734.5,746.0,737.1,69.9,75.8,1.78,-1.8,102.6
00:07:03,7579.5,90.8,-0.1,2464,22.28,12.64,210.8,208.6,214.7,209.7,738.3,733.9,747.5,737.1,69.9,76.0,1.97,-0.02,104.4
00:07:04,7599.5,91.4,-0.4,2469,22.39,12.56,210.7,209.0,214.7,209.6,738.9,733.6,748.0,736.8,69.8,76.0,2.26,0.84,102.7
00:07:05,7605.0,91.5,0.1,2466,22.38,12.47,211.2,208.6,214.2,209.5,737.6,733.7,744.9,735.9,70.6,75.5,2.03,1.55,103.1
00:07:06,7615.3,90.2,0.1,2468,22.35,12.54,210.4,208.2,214.6,210.1,739.1,732.8,747.3,738.1,69.4,75.8,2.02,-1.62,104.2
00:07:07,7641.0,90.0,-0.0,2466,22.29,12.57,210.9,208.2,214.1,209.3,738.7,732.0,747.4,737.2,70.1,75.2,2.11,0.59,103.8
00:07:08,7654.8,91.5,0.0,2469,22.3,12.6,210.6,208.0,213.9,209.5,741.0,733.9,744.5,736.2,69.7,76.0,1.88,-0.44,103.8
00:07:09,7654.9,91.1,-0.3,2468,22.31,12.5,210.8,208.2,213.4,209.1,739.2,731.7,745.3,735.0,70.0,75.9,1.91,-0.74,104.0
00:07:10,7681.6,90.0,-0.2,2456,22.32,12.42,209.9,208.4,214.0,209.1,737.5,731.8,744.6,737.2,69.5,75.8,1.84,0.9,104.1
00:07:11,7692.9,91.1,-0.3,2458,22.27,12.45,210.3,207.9,213.7,209.3,738.4,731.3,746.2,737.7,70.3,75.9,1.79,-0.23,104.2
00:07:12,7710.5,91.4,-0.6,2456,22.2,12.48,210.4,208.3,213.9,209.1,737.0,730.9,746.7,735.6,69.5,76.0,1.92,-0.44,103.4
00:07:13,7712.0,90.6,-0.5,2455,22.26,12.53,210.1,207.6,213.2,209.4,739.2,731.1,746.8,734.0,70.3,75.5,2.07,-0.92,103.9
00:07:14,7734.6,90.8,0.0,2461,22.27,12.54,210.3,208.0,213.6,208.6,740.3,733.4,746.2,735.7,70.4,75.8,1.94,-1.35,104.5
00:07:15,7742.7,90.5,-0.3,2466,22.19,12.52,210.1,207.4,213.4,208.5,736.9,731.3,746.3,735.6,69.9,75.9,2.06,-0.1,104.2
00:07:16,7763.5,90.5,-0.5,2460,22.19,12.44,209.4,207.1,213.5,209.0,738.4,731.3,746.0,734.2,70.5,75.2,1.87,-0.4,102.8
00:07:17,7786.0,90.5,-0.7,2458,22.12,12.41,209.8,206.9,213.0,208.7,737.8,734.3,745.8,734.7,70.2,75.6,1.92,-0.98,104.0
00:07:18,7787.4,90.4,-0.8,2460,22.09,12.52,209.8,206.9,213.0,208.0,739.5,733.5,747.1,735.0,70.3,75.3,2.16,1.41,102.9
00:07:19,7811.3,91.5,-0.8,2462,22.08,12.4,209.0,207.6,212.5,208.6,736.8,731.5,746.5,735.3,70.3,75.4,1.71,0.57,102.6
00:07:20,7822.1,90.6,-0.4,2454,22.13,12.44,209.3,206.8,212.9,208.5,737.9,732.4,746.3,736.7,70.1,75.3,1.93,1.97,102.8
00:07:21,7826.4,91.6,-0.9,2455,22.06,12.35,209.3,207.0,212.6,208.4,736.3,732.1,746.5,734.4,69.8,75.4,1.92,0.23,102.7
00:07:22,7855.6,91.7,-0.8,2456,22.12,12.5,209.2,207.2,212.5,207.9,739.1,731.2,744.6,733.7,69.6,75.5,1.65,1.28,104.1
00:07:23,7872.8,91.4,-0.7,2459,22.15,12.52,209.1,207.0,212.4,207.6,738.4,733.5,744.7,735.3,70.2,75.1,1.85,-0.21,104.6
00:07:24,7878.7,90.2,-0.5,2464,22.07,12.37,209.2,206.1,212.1,207.3,739.4,732.4,744.8,736.6,70.3,75.2,1.64,0.7,103.5
00:07:25,7898.0,90.9,-0.7,2452,22.07,12.34,208.5,206.9,211.6,207.3,737.8,731.1,744.4,736.5,69.8,75.6,1.85,0.36,103.5
00:07:26,7907.7,90.6,-0.6,2462,22.1,12.46,208.5,206.4,212.0,207.8,739.0,732.6,745.3,733.6,69.5,75.2,1.99,1.98,103.8
00:07:27,7923.9,91.6,-0.6,2451,22.06,12.37,208.8,206.6,211.7,207.6,735.6,731.1,744.1,734.6,69.5,75.9,1.65,0.88,103.6
00:07:28,7937.3,90.2,-0.6,2455,22.06,12.3,208.0,206.5,211.4,206.9,736.2,731.4,743.4,733.3,70.3,75.9,1.86,2.0,104.6
00:07:29,7944.6,91.2,-1.0,2453,22.12,12.3,207.7,205.9,211.5,207.3,738.8,732.5,745.0,733.3,69.4,75.4,2.01,1.4,102.7
00:07:30,7960.6,90.5,-1.0,2458,22.03,12.46,207.8,205.7,211.3,206.6,737.0,729.8,745.1,736.0,70.2,75.8,1.9,0.67,104.2
00:07:31,7973.2,91.1,-0.4,2460,21.99,12.44,207.8,205.4,211.4,207.0,735.7,729.6,744.3,732.3,70.3,75.8,2.1,1.84,104.3
00:07:32,7997.6,90.5,-0.9,2463,21.94,12.36,208.0,206.1,211.8,206.3,735.8,729.7,745.2,733.7,69.6,75.6,1.67,1.44,103.1
00:07:33,8007.9,90.2,-0.7,2461,22.05,12.27,207.6,206.0,211.0,206.6,735.4,731.9,742.5,732.6,70.1,75.2,1.85,0.88,103.5
00:07:34,8026.6,91.6,-1.2,2457,21.91,12.42,207.9,205.7,211.0,206.6,737.5,729.7,746.2,733.2,70.3,74.9,1.67,1.19,103.5
00:07:35,8040.7,91.0,-0.5,2452,21.99,12.29,207.4,205.4,210.7,206.8,735.8,731.0,745.8,732.7,69.8,75.8,2.03,0.84,104.1
00:07:36,8053.4,90.8,-0.8,2460,21.98,12.34,207.1,205.3,210.7,206.2,736.4,729.2,744.3,733.0,69.8,75.2,1.66,1.22,102.8
00:07:37,8067.5,91.7,-1.3,2459,21.9,12.36,207.1,204.7,211.0,206.5,737.1,729.9,746.0,732.8,69.5,75.2,1.8,-1.22,103.4
00:07:38,8085.8,91.2,-1.3,2455,21.94,12.33,207.2,205.2,210.2,205.6,737.1,732.4,745.9,733.8,70.0,74.8,1.83,-0.25,104.5
00:07:39,8092.1,91.2,-1.1,2461,21.87,12.33,206.8,204.5,210.7,205.9,736.6,729.9,744.5,734.7,70.1,75.4,1.74,1.63,103.9
00:07:40,8114.9,91.4,-0.7,2460,21.94,12.29,206.7,204.7,210.3,206.1,736.3,730.1,742.1,733.9,70.5,75.5,1.7,1.3,104.6
00:07:41,8118.4,90.3,-1.0,2461,21.96,12.33,207.1,204.5,210.6,205.8,737.5,730.1,743.5,734.2,69.8,75.0,2.12,0.11,102.9
00:07:42,8127.9,91.8,-0.7,2459,21.9,12.36,206.5,204.2,210.0,205.8,734.6,730.4,745.3,734.5,70.5,75.3,1.78,-0.92,103.1
00:07:43,8155.6,91.7,-1.2,2458,21.93,12.25,206.0,204.6,209.6,205.9,735.3,728.8,743.7,732.3,69.4,74.9,2.05,-1.66,102.8
00:07:44,8161.0,90.7,-1.3,2453,21.91,12.29,206.7,204.6,209.7,205.7,735.4,728.2,742.0,732.5,69.6,74.9,1.93,-0.18,104.5
00:07:45,8170.0,91.7,-1.2,2449,21.89,12.3,206.3,204.2,210.1,205.2,738.0,730.8,743.6,733.0,70.4,74.7,1.61,1.19,104.6
00:07:46,8198.1,91.5,-1.4,2451,21.82,12.28,206.1,203.8,209.9,205.2,734.8,729.0,743.7,731.4,69.5,74.8,1.87,1.7,103.9
00:07:47,8215.0,91.4,-1.1,2446,21.83,12.24,206.2,203.9,209.6,205.1,734.3,730.6,743.2,734.9,69.7,75.5,1.98,1.27,102.9
00:07:48,8224.0,91.7,-1.6,2452,21.84,12.22,206.2,203.6,209.0,205.1,736.1,731.7,741.9,731.4,69.9,75.3,1.76,-1.58,103.6
00:07:49,8227.6,90.5,-1.2,2450,21.85,12.29,206.0,204.0,208.9,205.3,734.5,731.3,741.8,734.0,69.6,75.0,1.67,-1.83,104.1
00:07:50,8256.6,90.4,-1.7,2454,21.84,12.31,205.4,203.9,209.2,204.4,735.9,728.9,742.1,731.6,69.6,75.5,1.7,1.14,103.2
00:07:51,8268.3,91.6,-1.3,2457,21.83,12.22,205.5,203.0,209.5,204.3,735.8,728.0,742.3,733.1,69.4,74.5,1.91,0.87,103.2
00:07:52,8283.5,90.6,-1.6,2452,21.83,12.3,205.9,202.9,209.3,204.3,734.2,728.0,743.9,731.3,69.9,75.4,1.96,-1.13,103.4
00:07:53,8296.3,90.6,-1.3,2453,21.77,12.16,205.3,203.1,209.0,204.4,734.9,730.3,742.4,730.7,69.8,75.0,1.64,0.12,102.9
00:07:54,8306.7,91.8,-1.1,2451,21.76,12.28,205.3,202.7,209.2,204.1,733.4,731.1,741.7,732.4,70.1,74.7,1.52,-0.15,104.5
00:07:55,8317.2,90.9,-1.4,2446,21.84,12.16,204.8,203.3,208.5,204.0,737.1,731.3,743.1,730.4,70.5,74.6,1.61,1.47,103.4
00:07:56,8337.2,90.6,-1.9,2446,21.79,12.23,205.2,203.2,209.1,203.6,736.9,728.8,741.1,733.1,70.5,74.7,1.61,1.67,104.8
00:07:57,8346.2,90.8,-1.7,2453,21.72,12.31,204.8,203.0,208.5,203.7,734.1,730.7,743.9,731.3,70.3,75.0,1.75,1.05,103.3
00:07:58,8361.7,91.7,-1.8,2447,21.66,12.31,204.3,202.8,208.5,204.2,733.1,730.2,740.8,733.5,69.6,75.2,1.69,1.53,104.2
00:07:59,8373.0,91.1,-1.5,2446,21.68,12.22,204.3,202.3,208.6,203.2,736.1,728.8,743.8,730.4,70.1,74.4,1.57,0.46,104.9
00:08:00,8397.6,91.1,-1.6,2455,21.72,12.18,204.6,202.1,207.9,203.0,735.0,729.3,742.9,730.8,70.6,74.9,1.77,0.54,104.8
00:08:01,8407.9,90.9,-1.7,2457,21.74,12.13,204.8,201.9,208.4,202.9,736.6,730.0,742.1,730.7,70.1,75.1,1.49,1.66,104.9
00:08:02,8415.0,90.6,-1.8,2454,21.62,12.25,203.8,201.9,207.5,203.3,734.9,728.1,741.8,730.2,69.8,74.4,1.51,0.77,103.7
00:08:03,8435.5,90.7,-1.8,2455,21.73,12.1,204.2,202.4,207.5,202.9,736.3,729.0,741.3,732.9,70.3,74.8,1.46,-0.94,104.6
00:08:04,8455.2,91.7,-1.5,2444,21.65,12.18,204.2,201.6,207.4,203.5,735.6,730.1,742.2,730.4,70.3,74.3,1.79,-1.31,103.8
00:08:05,8462.0,91.1,-1.9,2447,21.7,12.12,204.2,202.1,208.1,202.6,735.0,728.7,742.0,732.0,69.7,74.4,1.45,1.24,103.6
00:08:06,8480.5,91.3,-2.0,2448,21.64,12.1,203.4,201.7,207.2,203.2,734.5,728.3,741.3,731.3,69.8,75.0,1.92,-0.36,104.5
00:08:07,8499.2,91.1,-1.9,2444,21.57,12.11,203.4,202.1,207.9,202.4,732.7,728.1,740.9,730.6,69.7,74.9,1.93,-0.21,104.9
00:08:08,8504.0,91.9,-1.4,2444,21.67,12.19,203.2,201.4,207.5,202.2,733.4,729.1,742.0,730.2,70.2,74.5,1.74,-0.46,104.9
00:08:09,8513.4,90.8,-2.2,2455,21.59,12.12,203.9,201.2,206.8,202.3,732.6,728.8,743.2,731.4,70.3,74.1,1.91,-1.79,103.2
00:08:10,8542.3,91.2,-2.1,2452,21.61,12.09,203.1,201.3,206.6,202.6,734.6,726.8,742.9,730.2,70.5,74.5,1.87,-1.48,104.2
00:08:11,8545.9,91.5,-1.7,2442,21.51,12.21,203.7,201.6,207.0,202.7,734.7,728.0,741.7,732.8,69.7,74.9,1.83,0.8,104.5
00:08:12,8560.2,90.9,-1.8,2442,21.63,12.1,203.5,201.3,206.6,202.0,733.8,727.4,741.2,730.5,69.4,74.2,1.42,-0.92,104.2
00:08:13,8587.5,92.0,-1.9,2446,21.51,12.08,202.6,200.8,206.8,202.3,731.9,726.7,743.2,732.1,70.4,74.9,1.74,0.09,103.3
00:08:14,8592.1,91.6,-1.8,2449,21.52,12.18,203.2,200.7,206.4,202.3,734.0,729.4,742.6,730.8,70.6,74.7,1.73,0.63,104.2
00:08:15,8606.6,91.7,-1.8,2443,21.6,12.16,202.3,200.7,206.6,202.2,733.3,727.8,741.0,730.5,69.6,74.1,1.61,1.08,104.7
00:08:16,8617.0,91.1,-2.4,2454,21.48,12.04,202.8,200.3,206.2,202.1,735.3,726.2,741.9,731.9,70.4,74.6,1.82,-1.29,104.3
00:08:17,8631.0,91.9,-2.3,2451,21.49,12.07,202.1,200.2,206.2,201.5,734.4,725.6,740.1,728.8,70.2,74.2,1.56,1.83,104.9
00:08:18,8652.4,91.9,-2.5,2446,21.51,12.12,202.5,200.4,206.1,201.3,733.5,728.1,742.1,730.8,69.5,74.2,1.92,1.31,103.2
00:08:19,8662.9,90.7,-2.0,2450,21.43,12.07,202.1,200.0,206.0,201.8,732.7,727.5,740.5,731.2,70.2,74.3,1.38,1.67,104.1
00:08:20,8680.6,90.7,-2.2,2444,21.54,12.08,202.4,200.0,206.3,201.5,733.0,729.0,739.7,730.6,70.2,74.2,1.43,-1.24,103.2
00:08:21,8690.5,90.6,-2.4,2443,21.51,12.07,201.7,199.8,206.1,201.5,734.1,725.6,739.3,730.4,70.0,74.4,1.58,0.67,104.6
00:08:22,8715.5,91.8,-2.3,2443,21.54,12.0,202.0,199.7,205.6,201.0,732.7,727.6,739.8,729.8,70.0,74.0,1.82,-1.65,104.1
00:08:23,8724.1,91.1,-2.0,2443,21.41,12.05,202.0,200.2,205.5,200.5,734.8,726.4,740.2,729.9,69.8,74.7,1.5,1.14,103.3
00:08:24,8739.5,91.0,-2.6,2439,21.39,11.99,201.3,199.8,205.7,200.9,734.9,727.5,740.7,729.0,69.8,74.8,1.45,-0.44,103.9
00:08:25,8755.3,91.8,-2.1,2438,21.37,12.01,202.0,199.4,205.2,200.3,731.5,727.3,739.7,731.8,69.8,74.5,1.62,-0.26,103.6
00:08:26,8764.0,90.8,-2.4,2448,21.45,12.1,201.8,199.3,204.9,200.4,731.8,726.2,740.9,729.9,69.8,73.9,1.56,0.31,103.3
00:08:27,8785.5,91.4,-2.4,2446,21.49,11.94,200.9,198.9,204.9,200.4,731.3,726.2,739.0,730.9,70.1,73.9,1.8,-1.31,104.9
00:08:28,8800.0,91.2,-2.7,2439,21.38,12.03,201.6,199.6,204.9,200.5,734.1,727.2,741.5,730.3,70.3,73.8,1.48,-1.03,104.8
00:08:29,8811.9,90.7,-2.0,2446,21.37,11.97,200.8,199.3,204.7,200.3,733.9,728.5,739.5,731.5,69.6,74.2,1.63,-0.21,103.4
00:08:30,8820.7,90.7,-2.7,2447,21.44,12.09,200.9,198.7,205.0,200.4,734.2,726.0,741.1,730.6,70.4,74.4,1.86,1.95,105.2
00:08:31,8843.4,91.4,-2.9,2439,21.34,11.96,200.8,198.7,204.7,199.8,732.3,725.0,739.8,729.3,69.9,74.6,1.75,0.13,103.8
00:08:32,8847.9,91.2,-2.6,2450,21.32,12.03,200.9,198.5,204.2,199.4,733.6,726.5,741.4,729.0,70.1,74.6,1.38,0.55,103.7
00:08:33,8869.8,91.2,-2.8,2443,21.35,12.05,200.8,198.3,204.8,200.2,733.7,726.9,740.2,728.2,70.1,73.9,1.26,0.9,105.0
00:08:34,8877.9,91.6,-2.2,2445,21.41,11.96,200.7,198.0,204.0,200.0,732.7,724.7,738.3,729.5,70.4,73.8,1.26,-0.36,105.0
00:08:35,8890.1,91.4,-2.7,2436,21.28,11.91,201.0,198.0,204.0,199.2,730.6,725.3,740.4,727.6,69.8,74.3,1.3,1.08,103.9
00:08:36,8911.2,91.3,-2.6,2436,21.34,11.99,199.9,197.9,204.3,199.8,733.9,724.2,741.6,728.2,70.0,73.9,1.34,-0.84,104.1
00:08:37,8928.1,91.7,-2.6,2445,21.38,11.89,200.7,197.9,204.5,199.0,730.3,724.7,739.9,729.8,70.5,74.1,1.4,-0.04,103.6
00:08:38,8934.8,92.1,-2.6,2436,21.3,12.06,200.1,198.1,203.6,199.0,733.2,726.7,739.1,728.8,69.9,74.1,1.56,-0.94,105.2
00:08:39,8953.6,90.9,-2.5,2448,21.25,12.05,199.9,197.8,204.0,198.6,733.2,727.8,738.1,728.3,69.8,73.5,1.28,1.4,104.9
00:08:40,8957.2,92.2,-3.1,2446,21.33,11.87,200.2,197.4,203.9,198.7,730.6,725.4,739.9,728.2,69.5,74.2,1.57,-1.55,104.9
00:08:41,8973.8,91.8,-2.7,2435,21.19,11.91,200.2,197.7,203.5,199.0,730.6,727.0,739.9,728.0,69.8,73.6,1.67,-1.45,104.6
00:08:42,8993.5,92.0,-2.4,2442,21.24,11.85,199.5,197.5,203.6,198.5,731.2,725.2,738.3,728.1,70.2,74.2,1.42,-1.24,104.6
00:08:43,9006.8,91.4,-3.2,2441,21.19,11.91,199.7,197.6,203.4,199.0,730.7,724.0,738.2,727.3,69.8,74.0,1.44,1.87,104.6
00:08:44,9021.7,91.0,-3.0,2434,21.23,11.97,199.0,197.5,203.4,198.3,732.4,726.1,739.5,727.8,70.5,73.5,1.58,-1.48,105.3
00:08:45,9042.0,92.1,-2.9,2436,21.2,11.89,199.3,197.7,203.0,198.4,730.6,724.6,741.3,729.2,70.6,74.3,1.33,0.99,104.5
00:08:46,9055.7,91.2,-2.9,2437,21.27,12.01,199.7,197.4,203.5,197.8,731.8,727.2,738.7,727.9,70.1,73.4,1.42,-1.12,103.5
00:08:47,9073.5,91.8,-3.2,2442,21.14,11.81,199.1,197.2,202.6,198.6,730.7,725.0,739.7,729.0,69.6,73.5,1.33,0.19,105.3
00:08:48,9073.1,92.0,-3.1,2437,21.19,11.98,198.6,196.4,202.8,197.6,732.1,726.8,737.5,727.4,70.5,74.0,1.74,-0.26,103.7
00:08:49,9099.1,91.8,-3.1,2443,21.26,11.92,198.9,196.9,203.3,198.0,730.6,725.2,740.4,730.1,70.1,74.0,1.77,0.75,104.8
00:08:50,9110.5,91.5,-2.7,2439,21.19,11.9,198.9,196.2,203.0,197.5,730.0,724.9,738.0,727.9,69.9,73.5,1.36,-1.46,104.0
00:08:51,9131.4,92.1,-3.4,2446,21.14,11.8,199.0,196.1,202.7,197.2,730.5,726.4,739.2,728.6,70.1,73.9,1.27,-0.3,105.4
00:08:52,9137.8,91.8,-3.4,2441,21.18,11.8,199.0,196.2,202.7,197.9,730.1,724.2,737.8,726.3,69.9,73.7,1.26,-0.86,105.2
00:08:53,9147.3,91.1,-3.4,2437,21.07,11.86,198.5,196.1,202.8,197.1,732.6,723.2,737.3,728.2,70.4,74.0,1.49,1.77,104.7
00:08:54,9158.0,91.1,-3.2,2445,21.06,11.85,198.0,196.4,202.6,197.3,732.6,726.4,737.2,729.0,70.2,74.1,1.18,-1.75,104.3
00:08:55,9186.0,91.8,-3.0,2436,21.17,11.92,198.5,196.4,202.4,196.7,729.4,722.8,738.4,726.3,70.5,73.1,1.42,-0.71,105.4
00:08:56,9200.1,91.4,-3.4,2441,21.12,11.94,198.0,195.9,201.8,196.9,732.5,724.9,739.9,725.7,70.1,73.5,1.3,0.95,104.4
00:08:57,9214.2,90.9,-2.9,2436,21.14,11.85,197.7,196.3,202.2,196.9,730.3,725.4,738.6,727.1,70.0,74.0,1.23,0.05,104.1
00:08:58,9221.1,91.8,-3.0,2444,21.11,11.83,198.1,195.8,201.9,196.5,730.8,723.2,738.6,729.2,70.3,73.9,1.52,0.12,104.0
00:08:59,9240.5,92.3,-3.6,2436,21.13,11.77,197.9,195.9,201.7,196.9,730.1,723.2,736.5,727.8,70.3,73.2,1.69,1.52,104.6
00:09:00,9246.8,91.0,-3.1,2430,21.15,11.84,197.7,195.5,201.8,196.5,731.7,722.8,737.9,725.9,70.3,73.3,1.18,-0.18,105.0
00:09:01,9268.1,92.2,-3.6,2432,21.02,11.8,197.6,195.8,201.2,196.6,731.2,722.3,739.3,725.5,69.7,73.8,1.38,0.2,104.9
00:09:02,9276.2,92.3,-3.7,2437,21.11,11.9,197.8,195.5,201.1,196.7,728.9,724.8,736.2,728.7,69.6,73.1,1.63,0.18,104.6
00:09:03,9296.7,91.5,-3.5,2442,21.08,11.8,197.5,194.8,200.9,196.4,729.1,725.9,738.5,725.1,70.4,73.5,1.27,0.4,103.6
00:09:04,9308.1,91.6,-3.7,2430,20.95,11.72,197.5,194.7,201.5,196.4,731.0,723.3,738.0,725.8,70.4,73.6,1.35,1.74,104.2
00:09:05,9321.6,91.9,-3.2,2429,21.1,11.89,196.8,195.0,201.5,196.2,731.9,724.7,739.4,726.6,69.8,73.8,1.67,0.11,105.3
00:09:06,9334.6,91.4,-3.3,2431,21.04,11.79,197.3,194.6,200.9,196.2,729.2,722.2,739.8,727.1,69.9,73.7,1.43,-1.12,105.2
00:09:07,9342.9,91.6,-3.6,2431,21.07,11.87,197.0,195.2,200.8,196.2,730.6,722.4,737.0,728.0,70.4,73.6,1.49,-1.39,104.6
00:09:08,9366.7,92.0,-3.3,2428,20.97,11.78,196.7,194.7,200.4,196.1,731.2,722.2,738.5,728.3,69.7,73.3,1.65,0.66,104.1
00:09:09,9376.9,91.1,-3.2,2441,21.05,11.85,196.9,194.8,200.2,195.3,730.3,725.4,737.4,725.0,70.4,73.6,1.46,0.75,104.1
00:09:10,9393.4,92.2,-3.8,2431,21.0,11.77,196.9,194.7,200.1,195.4,730.9,723.8,736.5,726.9,69.6,73.5,1.55,1.67,104.7
00:09:11,9403.2,91.0,-3.9,2428,20.9,11.82,196.2,194.5,200.8,195.6,729.0,724.5,737.6,724.9,70.1,72.8,1.1,-1.11,104.6
00:09:12,9415.9,91.2,-3.4,2435,20.9,11.76,196.5,193.9,200.1,195.5,729.1,721.9,736.4,727.4,69.7,72.7,1.06,-0.38,104.1
00:09:13,9439.0,92.0,-3.9,2431,20.95,11.72,195.9,193.9,200.5,195.2,730.8,723.0,736.5,725.7,69.9,73.4,1.18,-0.5,105.6
00:09:14,9443.9,91.2,-3.4,2429,20.85,11.67,196.2,194.2,199.9,195.4,727.4,722.6,737.6,727.0,70.3,73.7,1.53,-0.56,105.7
00:09:15,9473.2,92.0,-3.6,2435,20.97,11.76,195.8,193.5,199.9,195.3,728.5,722.8,737.7,725.8,69.6,73.5,1.11,0.75,104.9
00:09:16,9482.2,91.8,-4.2,2429,20.96,11.81,195.9,193.6,199.7,195.2,729.0,721.7,736.5,724.5,70.3,73.1,1.1,-0.08,105.6
00:09:17,9503.0,91.4,-3.5,2428,20.96,11.76,195.5,193.3,199.8,194.4,729.6,724.8,738.6,724.1,69.5,73.5,1.49,-0.93,103.9
00:09:18,9502.5,91.5,-3.5,2428,20.86,11.66,195.5,193.1,200.0,194.4,727.1,722.2,739.0,724.5,70.1,73.5,1.44,-1.42,105.3
00:09:19,9532.2,91.3,-4.1,2434,20.83,11.77,195.6,193.5,199.7,194.5,730.8,721.8,738.3,725.9,70.1,73.3,1.06,1.18,105.5
00:09:20,9536.1,91.5,-4.2,2437,20.85,11.72,194.9,193.4,199.7,193.9,728.5,724.5,738.6,727.1,69.6,72.9,1.35,1.4,105.1
00:09:21,9544.3,92.5,-4.3,2431,20.91,11.65,195.6,192.7,198.9,194.4,728.4,723.8,736.2,725.6,69.8,72.9,1.55,-1.48,103.8
00:09:22,9575.3,91.7,-3.9,2435,20.8,11.62,194.9,193.3,199.4,194.4,730.3,722.0,737.6,724.2,70.4,72.6,1.41,1.67,104.8
00:09:23,9577.5,92.2,-4.1,2426,20.78,11.65,194.6,193.0,199.4,193.9,730.0,724.0,738.0,725.4,69.5,72.8,1.11,1.67,104.8
00:09:24,9589.6,91.5,-3.7,2429,20.84,11.65,194.9,192.6,199.0,194.2,728.0,720.9,735.5,724.4,69.8,73.2,1.35,1.08,105.6
00:09:25,9602.5,91.6,-4.0,2437,20.88,11.64,194.5,192.4,198.7,193.6,726.6,724.2,734.8,723.5,69.4,73.0,1.39,-0.65,105.7
00:09:26,9618.3,91.4,-3.7,2424,20.82,11.76,194.6,192.9,198.4,193.2,730.2,721.3,737.4,727.1,69.9,72.5,1.25,-0.3,105.4
00:09:27,9637.6,92.5,-4.0,2434,20.81,11.69,194.6,192.1,199.1,193.5,730.1,723.8,736.7,726.5,70.3,73.2,1.58,1.07,104.2
00:09:28,9655.1,91.2,-3.9,2427,20.79,11.75,194.2,192.4,198.5,193.1,730.0,721.5,735.5,724.6,69.9,73.0,1.28,-0.67,105.2
00:09:29,9667.4,92.6,-4.1,2437,20.69,11.63,194.6,191.9,198.5,193.2,728.1,720.2,736.8,724.3,69.7,73.1,1.15,-1.06,104.7
00:09:30,9685.1,91.8,-3.8,2437,20.76,11.71,194.5,191.9,198.6,193.4,729.8,723.3,737.7,725.3,70.4,72.8,1.13,-0.07,105.7
00:09:31,9700.6,92.6,-4.0,2430,20.78,11.59,194.2,192.2,198.0,193.5,726.0,720.8,734.8,725.3,69.7,72.6,1.08,0.15,104.1
00:09:32,9716.1,92.7,-4.0,2435,20.72,11.58,194.1,191.8,198.0,192.6,729.2,723.6,736.4,725.0,69.8,72.8,1.04,-1.19,104.1
00:09:33,9722.2,91.6,-4.2,2425,20.8,11.53,193.8,191.8,198.1,192.6,725.8,722.3,736.9,724.4,69.4,72.9,1.39,-0.3,104.6
00:09:34,9744.0,92.7,-4.3,2426,20.74,11.68,193.9,191.9,197.8,192.6,726.0,723.2,737.6,725.2,70.1,72.4,1.17,-0.98,105.4
00:09:35,9745.3,91.5,-4.7,2425,20.78,11.66,193.8,191.5,197.6,193.0,728.3,719.8,736.7,723.4,69.9,72.9,1.11,-1.18,105.2
00:09:36,9769.1,92.4,-4.7,2424,20.69,11.59,193.7,191.7,197.9,192.5,726.9,722.2,734.3,723.5,70.0,72.3,1.02,0.45,104.9
00:09:37,9784.8,91.7,-4.1,2427,20.66,11.53,193.7,191.3,197.4,192.2,727.4,720.0,734.7,722.8,70.5,72.7,1.3,-0.79,105.8
00:09:38,9787.4,92.7,-4.0,2430,20.71,11.67,193.7,191.4,197.6,192.2,728.1,722.7,735.2,726.0,70.2,72.7,1.48,-0.33,105.1
00:09:39,9800.6,91.2,-4.2,2429,20.59,11.54,192.8,191.3,197.0,192.4,729.2,719.9,736.3,726.0,69.6,72.7,1.06,-0.85,104.1
00:09:40,9821.0,91.3,-4.7,2430,20.69,11.58,192.7,191.4,197.3,192.5,726.0,723.2,733.9,725.6,69.6,72.5,0.96,-0.41,104.4
00:09:41,9839.7,92.4,-4.6,2429,20.57,11.62,193.5,190.6,197.5,192.0,725.8,722.3,736.9,723.0,69.6,72.8,1.18,-0.51,104.3
00:09:42,9850.0,91.8,-4.7,2428,20.69,11.48,193.3,191.2,197.3,191.6,728.5,722.3,733.7,722.1,70.2,72.5,1.26,-0.01,105.3
00:09:43,9864.4,91.9,-4.7,2421,20.59,11.56,193.2,190.2,197.3,191.9,727.8,719.6,734.7,724.6,70.3,72.5,1.37,-1.07,104.7
00:09:44,9880.6,91.5,-4.7,2422,20.68,11.51,193.1,190.1,196.8,191.9,725.5,719.7,736.2,723.7,69.5,72.7,1.0,1.19,105.6
00:09:45,9893.9,91.9,-4.4,2422,20.57,11.6,192.7,190.9,196.6,191.9,726.1,719.1,735.2,725.3,69.9,72.6,1.48,1.3,105.7
00:09:46,9912.4,91.7,-4.8,2431,20.57,11.62,192.1,190.5,196.5,191.0,725.7,719.8,734.5,725.4,70.5,72.7,1.31,0.41,104.1
00:09:47,9917.8,91.4,-4.7,2433,20.54,11.48,192.2,189.9,196.6,191.6,728.6,722.2,734.3,723.7,70.6,72.2,1.23,0.48,105.9
00:09:48,9943.5,91.8,-4.4,2431,20.64,11.52,192.5,189.8,196.5,191.4,726.7,721.6,734.7,723.8,70.3,72.1,1.3,-0.49,104.6
00:09:49,9947.6,92.2,-4.9,2429,20.58,11.45,191.8,190.3,195.9,190.8,725.9,718.9,733.4,722.3,69.7,72.3,1.14,-1.39,105.0
00:09:50,9970.0,92.1,-4.6,2431,20.5,11.53,192.0,190.2,195.8,191.1,725.4,720.3,733.7,723.2,70.5,72.4,1.12,0.06,105.9
00:09:51,9988.5,92.8,-5.0,2420,20.55,11.5,191.5,189.3,196.2,190.8,724.5,719.2,736.0,721.6,69.8,72.5,0.95,1.36,105.5
00:09:52,9994.8,91.5,-4.6,2430,20.52,11.57,192.0,189.2,195.9,191.0,727.2,721.2,734.5,723.0,69.6,72.4,1.25,1.69,104.4
00:09:53,10009.6,92.5,-4.8,2430,20.59,11.42,192.1,189.6,196.1,190.6,725.4,722.2,733.3,721.4,69.8,72.2,1.16,0.62,104.9
00:09:54,10018.0,91.7,-5.1,2419,20.46,11.44,191.6,189.9,195.8,190.3,727.0,718.4,733.9,723.5,70.6,72.5,1.36,-0.63,104.6
00:09:55,10047.2,91.6,-4.7,2425,20.55,11.55,191.4,189.5,195.9,190.3,726.4,720.2,733.8,724.0,70.4,71.9,1.22,0.07,104.8
00:09:56,10058.5,91.4,-5.0,2418,20.49,11.42,191.3,189.1,195.3,190.5,724.7,719.0,733.6,722.7,70.4,71.9,0.84,1.89,104.1
00:09:57,10060.1,92.1,-4.8,2419,20.48,11.49,191.6,189.3,195.2,190.6,726.7,720.5,733.1,723.3,69.6,71.7,1.08,0.2,104.1
00:09:58,10074.4,92.3,-5.1,2430,20.45,11.56,190.7,189.5,195.4,190.6,725.5,718.9,735.7,722.2,70.5,72.3,1.18,1.74,104.8
00:09:59,10087.0,91.5,-4.8,2422,20.4,11.44,190.6,188.6,195.0,190.4,727.7,718.4,732.6,723.7,69.7,72.0,0.9,1.35,104.4
00:10:00,10109.9,92.2,-5.0,2427,20.48,11.52,190.6,189.0,194.8,190.3,725.5,721.5,732.4,724.6,69.8,71.9,0.84,1.06,106.0
00:10:01,10118.9,93.0,-5.1,2429,20.41,11.52,190.5,188.8,195.3,189.8,726.7,720.2,735.9,721.2,70.5,72.4,0.85,1.52,105.5
00:10:02,10146.3,92.8,-4.9,2416,20.44,11.51,190.7,188.7,195.4,189.2,727.2,718.4,732.6,723.0,69.5,72.4,1.38,-0.56,105.5
00:10:03,10150.0,92.0,-5.1,2424,20.37,11.35,190.2,188.6,194.9,189.8,727.5,719.1,732.1,723.1,70.3,72.0,1.04,1.09,105.0
00:10:04,10165.0,91.6,-5.5,2422,20.45,11.52,190.4,188.3,195.1,189.3,726.5,719.6,735.1,722.8,70.2,71.5,0.94,1.37,104.2
00:10:05,10182.8,91.7,-5.3,2424,20.33,11.47,190.2,188.2,194.9,189.5,726.2,719.5,733.1,723.9,69.8,72.2,1.08,-1.34,106.0
00:10:06,10204.5,91.5,-5.5,2417,20.43,11.44,190.6,188.4,194.5,189.5,723.5,717.3,735.3,723.8,70.3,71.4,0.8,1.82,104.3
00:10:07,10206.7,91.5,-4.9,2416,20.41,11.39,189.8,187.9,194.4,189.1,725.4,720.9,735.5,720.4,70.3,71.9,1.13,0.83,104.3
00:10:08,10228.4,92.9,-5.6,2422,20.38,11.46,189.5,187.8,194.5,188.9,725.5,720.9,733.1,722.8,69.8,72.3,0.95,0.03,105.1
00:10:09,10237.8,92.6,-5.1,2418,20.43,11.41,190.1,187.4,194.7,189.0,726.0,720.2,732.7,720.4,70.5,72.0,0.92,-0.18,105.9
00:10:10,10246.0,92.5,-5.7,2427,20.33,11.4,189.3,188.1,193.8,188.5,723.9,720.9,732.5,723.2,69.5,72.2,0.94,0.66,104.7
00:10:11,10271.8,92.9,-5.3,2417,20.3,11.48,189.6,187.4,193.6,188.8,724.7,718.2,734.6,720.9,70.5,72.0,1.05,1.81,105.0
00:10:12,10282.4,92.9,-5.6,2417,20.36,11.36,189.4,187.1,193.9,188.7,723.8,719.3,733.4,723.5,70.6,72.1,1.06,0.93,105.5
00:10:13,10298.6,92.4,-5.5,2420,20.31,11.37,189.5,187.1,193.5,188.7,725.0,718.5,733.7,722.3,69.7,71.4,1.23,-1.44,105.3
00:10:14,10303.3,92.2,-5.4,2416,20.29,11.45,189.7,187.7,193.6,188.3,725.9,717.4,733.1,720.3,69.5,71.8,0.92,1.77,104.9
00:10:15,10316.4,93.1,-5.1,2422,20.28,11.32,189.5,186.7,193.9,188.3,723.1,718.3,734.7,720.8,70.2,71.7,1.05,1.51,105.9
00:10:16,10338.1,91.9,-5.5,2420,20.31,11.36,189.3,186.7,193.2,187.7,726.2,716.8,734.3,723.1,69.6,71.7,1.01,0.48,104.4
00:10:17,10345.3,92.6,-5.7,2424,20.21,11.37,188.5,186.6,193.4,188.3,724.7,718.6,733.5,720.2,69.9,72.0,0.87,0.18,104.7
00:10:18,10374.3,92.5,-5.7,2419,20.31,11.26,189.2,186.8,193.6,188.0,724.9,718.0,734.4,719.8,70.0,71.7,1.22,-0.66,105.1
00:10:19,10387.9,92.8,-5.5,2418,20.19,11.39,188.9,187.1,193.2,187.8,725.5,718.1,731.5,722.4,69.8,71.7,1.25,0.02,104.9
00:10:20,10401.3,91.7,-5.8,2414,20.31,11.34,188.2,186.9,193.5,187.6,725.0,717.1,732.5,722.1,69.5,71.9,0.96,-0.07,106.2
00:10:21,10403.5,91.9,-5.2,2414,20.27,11.4,188.4,186.3,192.6,187.1,726.1,718.1,733.4,722.7,69.6,71.3,0.86,0.85,105.9
00:10:22,10417.3,92.3,-5.8,2413,20.21,11.27,188.3,185.8,192.4,187.7,722.3,717.5,731.9,721.0,69.5,71.7,0.72,1.37,105.7
00:10:23,10434.9,91.9,-6.0,2423,20.14,11.31,187.9,185.8,193.2,187.5,722.8,716.3,731.4,720.7,70.3,71.6,0.79,-0.61,104.7
00:10:24,10448.7,92.0,-5.4,2415,20.27,11.33,188.5,186.5,192.6,187.0,724.6,717.6,731.3,722.5,69.9,71.5,1.01,-1.27,105.6
00:10:25,10471.8,92.4,-5.7,2423,20.25,11.24,188.4,185.9,192.7,187.2,723.7,716.1,730.7,722.1,70.4,71.2,0.91,0.6,105.3
00:10:26,10473.3,92.3,-5.8,2414,20.19,11.35,188.0,186.1,192.1,186.8,722.6,718.1,731.5,720.6,69.5,71.5,0.78,-1.63,105.7
00:10:27,10503.6,93.2,-5.9,2424,20.24,11.24,187.5,185.6,192.3,187.2,724.6,717.2,734.2,719.4,70.0,71.8,0.69,-1.34,106.1
00:10:28,10505.8,92.9,-6.0,2417,20.22,11.27,187.9,186.0,192.5,187.0,721.8,718.9,731.1,721.0,69.8,71.7,0.92,1.98,105.9
00:10:29,10522.5,93.0,-5.5,2418,20.1,11.3,187.2,185.4,192.0,186.9,724.7,718.2,731.2,718.7,70.4,71.1,0.68,1.66,105.6
00:10:30,10530.3,93.2,-5.9,2413,20.15,11.2,187.5,185.6,192.0,186.9,722.1,719.2,732.8,721.7,69.4,71.3,1.09,1.75,104.5
00:10:31,10547.1,91.9,-5.9,2414,20.07,11.33,187.0,185.8,191.7,186.1,724.5,717.0,733.2,718.6,70.2,70.9,0.83,0.11,104.9
00:10:32,10568.4,92.1,-5.9,2419,20.09,11.26,186.9,185.0,191.4,186.1,722.9,716.6,732.9,720.6,70.0,71.1,1.03,0.94,105.1
00:10:33,10581.9,92.6,-6.2,2413,20.13,11.22,187.5,185.5,191.5,185.9,724.0,718.1,733.2,721.4,69.6,71.1,1.07,-0.06,106.3
00:10:34,10588.5,92.9,-6.0,2416,20.12,11.34,186.8,185.3,191.3,186.5,724.9,717.2,731.7,720.2,70.3,71.2,0.64,1.37,105.4
00:10:35,10610.0,92.2,-6.1,2419,20.04,11.25,187.1,184.6,191.7,186.0,724.0,717.2,732.0,722.1,70.0,71.1,1.13,-0.27,105.6
00:10:36,10627.3,92.0,-6.3,2419,20.12,11.29,186.5,185.3,191.5,186.1,723.5,718.1,730.1,720.7,69.6,71.2,1.17,-0.17,105.2
00:10:37,10639.1,93.0,-5.7,2415,20.11,11.16,186.8,184.3,191.4,185.4,723.8,715.2,733.6,721.1,70.3,71.1,0.86,-1.32,105.3
00:10:38,10654.0,92.1,-5.9,2418,19.99,11.16,186.6,184.7,190.8,185.5,723.7,716.4,730.8,719.0,70.2,71.3,1.14,1.21,106.2
00:10:39,10667.4,92.4,-5.8,2419,20.09,11.27,186.8,184.9,191.5,185.8,722.6,718.8,732.2,720.5,69.5,71.5,0.73,0.64,104.7
00:10:40,10687.8,92.3,-6.1,2419,20.07,11.23,186.2,184.1,191.3,185.0,723.8,718.1,731.6,720.5,69.4,71.5,0.78,1.04,104.5
00:10:41,10702.3,93.1,-6.0,2413,20.02,11.25,186.4,183.8,190.6,185.2,721.4,716.6,732.0,720.1,70.2,70.5,0.74,0.81,105.4
00:10:42,10715.1,93.3,-6.4,2412,20.05,11.15,186.0,184.3,190.3,185.4,721.1,715.5,732.5,719.9,70.2,71.3,0.84,1.92,105.0
00:10:43,10733.7,91.8,-6.3,2419,19.97,11.19,186.6,183.7,190.7,185.1,723.1,715.8,733.0,719.7,70.5,71.0,0.85,-0.59,104.6
00:10:44,10742.1,92.3,-6.7,2409,19.98,11.21,185.9,184.3,190.3,184.9,723.2,716.0,730.0,720.8,70.6,71.2,0.96,-1.44,106.4
00:10:45,10758.6,91.8,-6.1,2411,20.07,11.16,185.8,183.8,190.6,184.7,720.9,715.5,730.7,721.0,70.0,70.8,0.64,0.88,105.1
00:10:46,10768.9,91.8,-6.3,2417,20.0,11.15,186.2,183.3,190.0,184.5,720.7,715.2,732.7,720.2,70.5,71.0,0.96,-1.4,106.2
00:10:47,10777.6,92.7,-6.7,2415,19.91,11.22,185.7,183.1,189.8,185.0,722.0,715.3,730.7,718.1,69.9,70.7,0.81,-0.36,105.0
00:10:48,10794.7,92.1,-6.3,2413,19.92,11.22,185.7,183.3,189.8,184.4,720.6,715.6,729.8,717.4,70.5,70.4,0.7,1.89,104.7
00:10:49,10809.1,92.9,-6.3,2417,19.94,11.18,185.8,183.0,189.9,184.6,721.7,715.2,732.4,720.7,70.5,70.5,1.15,1.58,106.5
00:10:50,10832.3,93.0,-6.8,2406,19.89,11.23,185.4,183.1,189.9,183.9,723.1,717.9,731.5,720.9,69.8,70.7,1.11,-0.13,105.5
00:10:51,10847.4,92.6,-6.8,2415,19.9,11.18,185.3,183.5,190.0,184.4,720.3,717.2,729.5,719.8,69.7,70.4,0.85,0.27,104.8
00:10:52,10857.7,93.2,-6.3,2418,19.9,11.25,185.6,183.4,189.3,184.3,723.4,714.6,731.1,718.4,70.1,71.0,1.12,-0.12,104.7
00:10:53,10862.1,93.4,-6.6,2411,19.89,11.22,185.0,182.9,189.7,184.4,720.1,714.1,731.2,720.1,69.8,70.4,1.01,1.34,105.3
00:10:54,10879.1,92.9,-6.9,2416,19.87,11.12,185.1,182.9,189.5,183.5,720.5,715.3,729.5,719.8,70.0,70.6,0.95,-0.88,104.9
00:10:55,10902.5,91.9,-6.4,2408,19.84,11.08,185.1,182.8,189.5,183.5,722.1,717.2,731.3,720.6,70.0,70.4,1.07,-1.84,105.9
00:10:56,10909.7,92.5,-6.3,2418,19.85,11.14,184.8,182.1,189.3,183.9,720.8,714.7,731.9,719.3,70.6,70.9,1.1,0.02,106.1
00:10:57,10930.5,92.9,-6.2,2414,19.93,11.15,184.2,182.7,189.1,183.2,719.7,714.8,729.5,719.9,69.4,70.4,1.02,1.24,106.1
00:10:58,10939.6,92.2,-6.4,2417,19.8,11.22,185.0,182.0,189.0,183.6,722.1,713.8,728.7,720.0,69.6,71.0,0.96,1.1,105.0
00:10:59,10957.8,93.5,-7.0,2418,19.79,11.04,184.0,182.6,189.0,183.0,719.9,715.8,731.7,717.4,70.6,71.0,0.82,-0.68,105.6
00:11:00,10968.0,93.1,-7.0,2409,19.84,11.04,184.2,182.6,188.4,183.1,723.3,714.7,731.8,719.1,69.5,70.7,0.55,-0.66,105.5
00:11:01,10986.5,93.1,-6.4,2411,19.82,11.16,184.0,181.6,189.0,183.3,721.6,715.2,729.1,717.6,70.6,70.9,1.01,-0.91,105.2
00:11:02,10988.8,92.9,-6.9,2413,19.89,11.2,184.0,182.0,188.8,183.1,720.3,713.8,729.7,718.9,70.4,70.8,0.67,-1.34,106.1
00:11:03,11003.0,92.5,-6.9,2406,19.81,11.05,183.8,182.2,188.4,182.8,721.5,714.3,731.2,719.5,70.4,70.0,0.51,-0.89,105.6
00:11:04,11030.4,92.8,-6.5,2407,19.77,11.15,184.2,181.6,188.8,183.1,719.1,715.3,730.3,716.8,69.4,70.2,0.77,1.66,105.8
00:11:05,11034.9,92.5,-7.1,2414,19.81,11.04,184.1,181.8,188.2,182.3,719.2,714.9,731.6,719.9,70.0,70.5,0.78,-1.62,105.7
00:11:06,11058.6,93.4,-6.5,2414,19.72,11.04,183.5,181.9,188.1,182.7,722.8,715.7,730.6,718.4,70.1,70.3,1.02,-1.13,106.6
00:11:07,11073.2,92.4,-6.6,2416,19.75,11.02,183.7,181.5,188.1,182.6,721.0,714.9,728.4,715.9,69.9,69.9,0.92,0.4,105.9
00:11:08,11085.3,93.5,-7.2,2414,19.81,11.09,183.8,180.8,188.4,182.8,720.7,715.5,730.5,716.1,70.6,70.2,0.68,0.28,106.3
00:11:09,11095.9,92.4,-6.7,2412,19.78,11.02,183.6,181.1,187.8,182.4,722.2,715.1,731.6,715.7,69.5,70.5,0.87,1.92,104.9
00:11:10,11111.4,93.1,-6.8,2409,19.8,11.02,182.9,181.3,188.2,181.8,719.7,713.3,730.6,716.0,69.9,70.2,0.52,0.38,106.7
00:11:11,11131.8,92.4,-6.9,2405,19.76,10.98,183.1,180.9,188.1,181.9,720.8,713.2,729.0,718.3,70.3,70.6,1.03,-1.41,105.3
00:11:12,11139.0,93.1,-6.9,2412,19.79,11.13,182.8,181.1,187.7,182.0,722.3,716.2,729.9,715.5,70.0,69.9,0.74,0.48,105.8
00:11:13,11161.7,92.2,-7.0,2402,19.71,11.03,182.6,181.2,187.7,181.8,722.4,715.5,730.2,718.6,69.6,70.5,0.75,-1.48,105.7
00:11:14,11169.8,92.8,-7.3,2412,19.71,10.96,182.3,180.7,186.9,181.8,722.3,715.7,730.1,719.0,70.5,70.1,0.46,1.5,105.2
00:11:15,11179.0,93.6,-6.8,2413,19.66,10.94,183.0,180.2,187.3,182.0,719.0,714.9,729.7,715.4,69.8,70.0,0.75,1.56,106.0
00:11:16,11200.6,92.5,-6.8,2409,19.64,11.08,182.1,180.9,187.7,181.1,719.4,714.0,729.7,715.7,69.9,70.2,0.82,1.07,105.6
00:11:17,11214.9,92.7,-6.9,2411,19.71,10.92,182.5,180.3,186.9,180.9,718.5,715.9,728.8,717.2,70.4,69.6,0.65,-1.89,106.2
00:11:18,11224.6,93.2,-7.3,2401,19.69,11.05,182.8,180.1,186.8,181.1,718.2,713.2,728.4,717.9,70.0,69.6,1.0,-1.27,106.6
00:11:19,11237.5,93.0,-7.1,2401,19.71,10.94,181.8,180.4,187.0,181.7,719.1,714.5,728.8,715.3,70.0,70.2,0.94,-0.13,105.0
00:11:20,11257.9,92.3,-7.3,2405,19.59,11.06,182.1,179.9,186.5,181.0,719.8,712.7,730.8,717.8,70.3,69.9,0.76,0.88,106.6
00:11:21,11269.2,92.5,-7.0,2402,19.68,11.07,182.2,179.5,186.7,181.0,719.8,715.7,727.8,715.2,70.5,69.6,0.74,1.56,106.8
00:11:22,11282.0,92.6,-7.6,2408,19.57,11.02,181.6,179.7,186.7,181.0,718.0,713.9,730.2,717.8,69.8,70.2,0.59,-0.11,106.8
00:11:23,11302.5,93.6,-7.2,2412,19.68,10.9,181.4,179.5,186.7,180.4,721.6,715.4,727.7,716.8,70.2,69.6,0.47,1.77,106.8
00:11:24,11311.1,93.6,-7.7,2410,19.58,10.98,181.4,179.9,186.1,180.6,721.5,715.3,728.0,715.5,69.7,69.6,0.52,1.75,105.2
00:11:25,11330.4,92.9,-7.7,2403,19.61,10.94,181.7,179.7,186.0,180.7,717.6,713.2,726.7,717.6,69.4,70.3,0.83,0.71,105.9
00:11:26,11337.6,93.1,-7.5,2404,19.65,11.02,181.8,179.8,186.1,180.4,719.4,713.3,730.0,714.6,70.0,70.1,0.74,-0.66,106.8
00:11:27,11358.6,92.8,-7.7,2406,19.64,10.96,181.6,178.7,185.8,180.4,720.1,715.2,729.8,718.2,69.6,70.0,0.46,-1.33,105.4
00:11:28,11362.6,92.2,-7.4,2404,19.53,10.97,181.6,179.4,185.9,180.2,719.0,711.8,727.7,718.1,69.8,69.3,0.49,1.82,106.8
00:11:29,11390.2,93.4,-7.3,2401,19.49,10.85,180.6,178.6,185.5,179.8,717.6,715.2,728.7,716.8,69.5,69.7,0.75,1.78,105.5
00:11:30,11397.7,93.3,-7.9,2401,19.59,10.85,180.8,178.8,185.3,179.7,718.1,712.0,730.0,716.7,70.2,69.5,0.46,-0.13,106.8
00:11:31,11410.9,92.3,-7.7,2398,19.5,10.9,181.2,178.9,185.6,180.1,717.8,714.8,728.6,716.9,69.8,70.1,0.88,1.9,105.4
00:11:32,11417.5,93.2,-8.0,2403,19.57,10.97,181.1,178.8,185.9,179.5,719.3,713.0,728.8,715.1,70.0,69.7,0.66,-0.74,105.2
00:11:33,11433.6,93.1,-7.8,2407,19.57,10.82,180.2,178.8,185.5,180.1,718.3,712.7,727.3,717.1,70.5,69.9,0.39,1.96,105.3
00:11:34,11448.9,92.5,-7.4,2397,19.49,10.96,180.6,178.6,185.2,179.7,718.0,714.3,729.4,715.4,70.0,70.0,0.58,-1.76,106.9
00:11:35,11473.1,92.5,-7.4,2398,19.49,10.82,180.5,178.0,185.2,179.4,717.4,713.0,726.2,716.6,70.5,69.8,0.57,-0.48,106.7
00:11:36,11488.5,92.5,-7.8,2410,19.51,10.88,180.0,178.5,185.5,178.9,720.1,711.5,727.9,715.6,70.2,69.4,0.51,-0.94,105.2
00:11:37,11490.3,93.5,-7.4,2401,19.41,10.88,180.3,177.8,184.6,178.8,717.1,713.9,728.1,713.8,69.8,69.5,0.66,1.62,105.1
00:11:38,11511.9,93.8,-7.8,2399,19.4,10.82,179.7,177.5,185.3,178.8,719.5,713.0,728.1,714.6,69.7,69.4,0.49,1.48,105.2
00:11:39,11535.0,93.4,-7.7,2399,19.4,10.92,179.7,177.9,185.0,178.8,720.5,711.4,727.5,715.8,69.5,69.1,0.68,0.96,105.5
00:11:40,11549.0,93.3,-7.8,2396,19.42,10.92,180.3,177.6,184.5,178.9,720.3,714.1,726.9,716.3,70.0,69.8,0.73,1.4,106.2
00:11:41,11560.3,93.7,-7.9,2399,19.39,10.94,179.6,177.2,184.4,178.9,718.4,711.3,727.8,716.4,70.2,69.5,0.45,-1.34,106.4
00:11:42,11571.2,93.3,-8.2,2408,19.44,10.83,179.5,178.0,184.6,178.7,718.8,711.5,729.3,714.0,70.6,69.4,0.66,0.94,105.4
00:11:43,11586.4,92.6,-7.7,2397,19.37,10.78,179.4,177.6,183.9,178.8,719.2,710.5,726.4,713.8,69.6,69.4,0.32,-1.92,106.1
00:11:44,11604.6,92.6,-7.6,2403,19.42,10.88,179.3,177.0,184.3,178.7,718.5,711.8,726.7,716.1,70.6,69.6,0.53,0.88,105.6
00:11:45,11605.6,92.6,-8.3,2396,19.47,10.77,179.7,177.1,183.7,178.2,718.1,711.7,728.3,714.0,70.1,69.8,0.54,0.97,107.0
00:11:46,11624.3,93.7,-7.7,2397,19.38,10.93,179.0,177.5,184.0,178.2,717.9,713.9,726.4,715.6,69.7,68.8,0.76,1.97,106.0
00:11:47,11643.5,92.5,-7.7,2398,19.39,10.75,178.6,177.1,184.0,178.5,717.6,711.2,727.6,713.5,69.9,68.9,0.77,1.03,105.2
00:11:48,11660.1,92.5,-8.4,2404,19.29,10.79,178.6,177.1,183.8,177.5,719.3,712.8,726.5,715.6,69.8,68.9,0.58,-1.55,106.6
00:11:49,11662.1,93.2,-8.4,2407,19.3,10.82,178.5,176.3,183.5,177.6,717.9,711.9,728.2,715.5,70.3,69.3,0.56,-0.12,106.2
00:11:50,11684.7,93.2,-8.0,2397,19.34,10.83,178.8,176.3,184.1,177.3,715.9,710.9,726.2,715.1,70.4,69.1,0.62,-0.51,105.2
00:11:51,11700.0,92.5,-7.9,2400,19.41,10.81,178.8,176.8,183.5,178.2,718.8,711.9,727.6,713.9,70.0,69.5,0.29,-0.55,106.2
00:11:52,11716.6,92.9,-8.3,2399,19.29,10.72,178.3,176.2,183.2,177.6,717.5,711.1,726.7,712.8,69.6,69.3,0.41,1.41,106.4
00:11:53,11719.3,93.8,-8.4,2396,19.3,10.8,178.9,176.4,183.4,177.7,717.4,712.8,725.0,714.4,70.0,69.1,0.25,1.44,106.1
00:11:54,11740.1,93.0,-8.5,2406,19.25,10.74,178.7,176.2,183.0,177.2,716.1,710.3,725.0,715.4,69.4,69.1,0.52,1.08,106.0
00:11:55,11761.6,93.2,-8.3,2399,19.23,10.87,178.0,176.0,182.9,176.8,718.7,712.5,725.3,715.6,70.3,69.3,0.69,-1.69,106.2
00:11:56,11761.9,92.7,-8.4,2405,19.21,10.69,178.3,176.3,183.2,177.3,718.6,713.1,727.1,712.4,69.7,68.6,0.63,-0.31,106.3
00:11:57,11789.4,93.2,-8.4,2400,19.35,10.72,177.9,175.8,183.3,177.4,716.1,709.5,728.4,714.8,70.3,68.7,0.69,0.38,106.7
00:11:58,11803.8,93.4,-8.6,2401,19.33,10.78,178.3,175.5,183.0,176.8,717.8,710.9,727.4,714.0,69.6,68.7,0.3,-1.09,107.2
00:11:59,11807.9,93.2,-8.8,2393,19.23,10.81,178.0,175.7,182.3,176.4,718.1,711.8,728.2,715.6,70.4,69.4,0.42,0.87,106.6
00:12:00,11822.4,93.7,-8.1,2404,19.23,10.67,177.3,175.9,182.8,176.7,718.7,712.6,728.0,715.2,69.9,68.7,0.64,-1.69,106.6
00:12:01,11848.3,93.5,-8.3,2392,19.19,10.86,177.1,175.6,182.6,176.6,715.6,711.6,728.1,713.3,69.7,69.2,0.28,-0.73,107.2
00:12:02,11847.3,93.5,-8.4,2393,19.21,10.72,177.3,175.3,182.3,176.8,717.5,711.6,725.2,714.3,69.8,68.5,0.51,1.57,106.6
00:12:03,11877.6,93.2,-8.9,2401,19.15,10.73,177.8,174.9,182.3,176.7,715.7,712.9,725.7,714.5,70.5,68.7,0.51,-1.02,107.0
00:12:04,11876.4,92.7,-8.4,2400,19.21,10.77,177.4,175.5,182.2,176.2,716.6,712.5,728.2,715.7,69.5,68.6,0.67,0.05,105.7
00:12:05,11901.0,93.9,-8.8,2391,19.26,10.79,176.8,175.1,182.3,176.2,715.8,710.8,728.2,711.8,69.5,68.9,0.59,0.69,106.9
00:12:06,11908.1,92.8,-8.5,2403,19.15,10.65,176.9,175.0,181.8,175.7,718.4,711.3,725.6,715.1,70.4,68.5,0.45,-0.13,106.1
00:12:07,11929.1,93.2,-8.5,2392,19.17,10.8,176.5,174.7,181.7,175.8,715.9,709.5,724.6,711.7,69.9,68.5,0.75,-0.53,105.7
00:12:08,11933.6,93.5,-8.7,2399,19.12,10.75,176.5,175.0,182.0,175.6,717.0,710.9,727.8,713.4,70.1,68.4,0.33,0.46,106.7
00:12:09,11954.4,92.5,-8.9,2395,19.13,10.75,176.5,175.0,182.0,175.8,715.4,711.5,727.1,712.2,70.2,68.4,0.74,-0.26,107.2
00:12:10,11962.8,93.7,-8.3,2402,19.18,10.69,176.8,174.2,181.5,176.0,716.5,712.3,724.1,713.3,70.2,68.7,0.46,-1.82,106.8
00:12:11,11984.4,93.8,-8.6,2394,19.13,10.69,176.8,174.3,181.2,175.6,714.7,708.7,727.4,713.6,70.3,68.3,0.4,0.39,107.1
00:12:12,11996.5,93.9,-8.4,2391,19.2,10.67,176.3,174.7,181.0,175.0,714.4,712.0,727.0,711.4,70.0,68.4,0.59,-1.55,105.8
00:12:13,12019.4,93.7,-9.1,2399,19.11,10.79,176.7,174.3,181.1,175.7,715.9,710.0,726.5,715.1,70.3,68.3,0.35,-1.38,107.1
00:12:14,12023.6,94.1,-9.2,2389,19.09,10.63,176.5,174.6,181.0,174.9,717.6,709.6,725.5,714.5,70.0,68.5,0.34,0.54,106.8
00:12:15,12035.7,93.2,-8.5,2395,19.11,10.65,176.2,173.6,181.3,174.7,714.1,708.7,724.8,714.0,69.9,69.1,0.32,1.98,106.2
00:12:16,12053.1,93.8,-8.5,2397,19.04,10.69,175.6,174.0,181.3,174.9,717.1,709.3,726.0,712.8,69.9,68.6,0.49,0.56,107.2
00:12:17,12068.3,94.1,-8.6,2393,19.11,10.71,175.5,173.6,180.4,175.0,716.8,709.4,726.7,714.7,70.1,68.4,0.16,-0.94,106.2
00:12:18,12076.5,94.0,-9.2,2387,19.0,10.72,175.8,173.8,180.9,174.8,715.3,708.9,727.1,714.1,69.6,68.2,0.27,1.49,105.7
00:12:19,12105.1,93.1,-9.0,2391,19.09,10.63,175.5,173.4,180.3,174.4,715.6,711.3,723.4,711.5,70.2,68.2,0.42,-1.1,107.3
00:12:20,12119.7,92.9,-8.6,2399,19.04,10.75,175.9,173.3,180.3,175.0,715.4,711.2,726.4,713.0,70.1,68.8,0.42,-1.87,107.1
00:12:21,12124.5,92.8,-8.9,2392,19.09,10.68,175.4,173.4,180.3,175.0,715.1,708.7,723.8,711.1,69.7,68.8,0.41,-1.23,106.5
00:12:22,12136.3,92.6,-9.2,2392,19.07,10.63,175.0,173.0,180.8,174.0,714.6,710.3,724.1,712.9,69.8,68.8,0.23,-1.52,105.5
00:12:23,12164.2,93.2,-8.7,2397,19.01,10.55,175.2,172.8,180.7,173.9,715.4,710.8,723.2,713.1,70.1,68.1,0.52,0.96,106.7
00:12:24,12179.0,92.6,-8.7,2390,18.98,10.71,175.3,173.3,180.0,173.9,715.4,711.2,723.0,710.8,70.4,68.8,0.16,1.73,107.2
00:12:25,12176.7,93.4,-9.5,2391,19.01,10.65,175.1,172.5,180.1,173.6,715.5,707.7,726.7,712.4,70.2,67.8,0.29,-0.91,107.4
00:12:26,12190.7,92.9,-9.4,2387,18.98,10.66,174.6,172.8,180.0,174.0,715.2,707.9,723.0,712.4,69.5,68.5,0.16,-1.9,106.0
00:12:27,12208.8,93.9,-9.1,2399,19.06,10.55,175.3,173.1,180.2,173.8,716.5,710.6,724.0,710.8,69.4,68.6,0.33,1.64,106.6
00:12:28,12230.2,93.9,-9.3,2390,18.98,10.53,174.4,172.7,180.2,173.5,715.0,710.0,724.2,712.7,69.4,68.7,0.46,0.74,107.1
00:12:29,12233.3,93.0,-9.6,2386,18.93,10.59,174.4,172.4,179.4,173.1,716.9,708.9,723.5,712.5,69.2,67.9,0.51,1.43,107.5
00:12:30,12256.5,94.0,-9.1,2386,18.92,10.7,174.1,172.4,179.7,173.6,716.2,708.7,725.4,711.2,70.1,67.7,0.11,1.34,106.9
00:12:31,12266.4,93.9,-8.9,2396,18.96,10.52,174.0,172.2,179.3,173.4,716.9,709.2,726.0,710.7,70.0,67.9,0.37,-0.17,106.4
00:12:32,12277.1,93.1,-9.2,2385,18.88,10.68,174.3,172.5,179.3,173.8,716.5,708.2,723.4,709.9,69.5,67.7,0.29,-0.87,106.6
00:12:33,12291.3,93.5,-9.3,2389,18.88,10.67,174.4,172.0,179.6,173.1,713.8,707.3,725.5,712.4,69.5,67.9,0.6,1.94,107.2
00:12:34,12318.2,93.3,-9.5,2395,18.9,10.59,174.3,172.1,179.5,172.8,714.8,707.0,724.0,710.9,70.4,67.7,0.52,1.23,105.6
00:12:35,12334.8,94.2,-9.5,2395,18.91,10.65,174.2,171.9,179.3,173.3,715.8,707.4,723.0,713.7,69.5,68.4,0.33,0.65,106.6
00:12:36,12347.3,92.7,-9.7,2395,18.96,10.53,173.9,171.7,178.5,173.0,716.4,710.2,723.1,712.3,70.3,68.3,0.24,-0.68,106.1
00:12:37,12362.3,94.1,-9.3,2388,18.85,10.48,174.3,171.4,178.5,172.8,716.2,707.7,723.1,712.2,69.5,67.6,0.03,0.45,107.0
00:12:38,12379.2,93.0,-9.3,2394,18.92,10.47,173.3,171.2,178.9,172.2,713.6,706.9,723.7,712.5,69.5,67.8,0.35,-0.82,105.7
00:12:39,12379.4,94.0,-9.4,2389,18.82,10.6,173.2,171.2,178.2,172.1,714.6,709.4,723.5,712.0,70.2,68.3,0.14,1.65,105.7
00:12:40,12400.5,93.9,-9.2,2388,18.79,10.49,173.5,171.0,178.3,172.5,713.6,706.7,724.2,709.4,69.4,68.0,0.21,1.36,106.7
00:12:41,12413.8,94.0,-9.6,2392,18.91,10.6,173.3,171.5,178.9,172.5,715.4,708.6,723.0,711.9,69.4,67.5,0.28,0.53,107.0
00:12:42,12427.7,93.3,-9.7,2389,18.89,10.56,173.3,171.6,178.4,172.0,712.2,707.8,725.4,709.8,69.8,68.2,0.35,-1.47,105.8
00:12:43,12441.0,93.8,-9.4,2387,18.81,10.56,173.4,170.8,178.4,172.3,715.5,706.7,724.8,711.6,70.2,67.6,0.26,1.12,107.0
00:12:44,12454.9,93.9,-9.6,2384,18.76,10.58,172.9,171.0,178.3,171.5,715.5,709.8,722.1,710.3,69.4,68.2,0.44,1.95,106.9
00:12:45,12464.6,93.2,-10.0,2390,18.86,10.53,173.3,170.6,177.8,172.0,713.0,707.3,723.3,709.1,70.1,67.3,0.42,-1.64,106.2
00:12:46,12477.6,93.2,-9.4,2385,18.86,10.57,173.0,170.8,177.9,171.7,713.6,709.6,722.2,712.3,69.3,68.0,0.08,-0.79,107.0
00:12:47,12501.4,93.1,-10.1,2387,18.73,10.6,173.0,170.3,177.4,171.3,714.1,707.5,724.9,712.2,69.5,67.4,0.54,1.91,107.3
00:12:48,12521.4,93.8,-9.5,2382,18.76,10.51,172.4,170.4,178.1,171.5,712.2,709.6,721.9,712.6,70.3,68.0,0.11,1.07,107.0
00:12:49,12519.6,93.2,-9.7,2381,18.76,10.41,172.5,170.9,177.7,171.5,713.3,707.8,722.2,711.9,70.3,67.7,0.28,-1.34,105.8
00:12:50,12533.6,93.9,-10.1,2383,18.83,10.4,172.1,169.9,177.2,170.9,714.7,709.2,723.0,711.4,69.6,68.0,0.48,0.29,106.5
00:12:51,12555.8,92.9,-9.9,2392,18.76,10.59,172.1,169.9,177.7,170.9,715.4,707.2,724.5,712.2,69.6,68.0,-0.06,-0.34,107.7
00:12:52,12573.5,93.1,-10.1,2387,18.83,10.44,172.3,169.9,177.5,171.1,714.8,707.9,724.4,712.3,69.4,67.3,0.5,0.37,107.3
00:12:53,12593.5,93.0,-10.0,2380,18.8,10.56,171.9,169.6,177.5,170.9,714.2,709.2,725.1,711.0,70.0,67.2,0.25,-0.54,106.0
00:12:54,12601.2,93.6,-9.9,2390,18.68,10.5,172.1,169.8,177.0,170.5,714.3,707.7,722.8,709.7,69.7,67.8,0.1,-1.44,107.6
00:12:55,12615.0,93.6,-10.3,2391,18.68,10.56,172.2,169.7,177.3,170.5,713.4,708.5,723.0,711.9,69.9,67.4,0.29,0.1,107.0
00:12:56,12630.3,93.9,-9.7,2392,18.63,10.51,171.5,169.2,177.0,170.4,713.1,707.6,721.6,710.7,70.3,67.6,-0.06,1.82,107.0
00:12:57,12647.6,93.1,-10.2,2389,18.77,10.39,171.7,169.1,177.0,171.1,713.3,705.9,721.7,709.0,69.7,67.9,0.27,-0.08,107.6
00:12:58,12654.0,93.4,-10.4,2384,18.72,10.53,171.9,169.0,176.3,170.7,713.3,707.0,724.5,711.8,69.9,67.2,0.22,-0.73,106.1
00:12:59,12674.9,94.2,-10.2,2385,18.7,10.37,171.6,168.9,177.1,170.3,712.8,705.3,721.1,710.3,69.9,67.2,0.38,-0.56,107.5
00:13:00,12685.7,94.2,-10.5,2387,18.72,10.5,171.1,168.9,176.1,170.6,713.7,707.6,724.7,709.6,69.7,67.8,0.47,-1.79,106.5
00:13:01,12697.5,93.1,-10.5,2389,18.65,10.45,170.8,169.6,176.4,170.1,713.6,707.9,723.3,710.7,70.2,67.7,0.43,-0.45,106.7
00:13:02,12708.8,93.9,-10.1,2381,18.7,10.45,170.9,169.2,176.3,170.2,712.9,708.5,724.5,711.4,69.8,67.0,0.41,1.49,107.8
00:13:03,12721.1,93.6,-10.1,2385,18.69,10.38,170.6,168.7,176.7,170.1,713.9,705.2,724.0,709.9,70.2,67.4,0.36,0.32,107.3
00:13:04,12743.0,93.7,-10.2,2389,18.6,10.43,171.0,168.3,176.6,169.4,713.6,708.4,723.5,710.5,69.1,67.8,0.09,0.81,107.5
00:13:05,12759.9,94.0,-10.6,2378,18.62,10.34,170.4,168.7,175.9,170.0,714.4,706.8,720.6,710.7,70.3,67.5,0.39,-0.33,106.2
00:13:06,12772.5,94.3,-10.6,2380,18.61,10.4,170.4,169.0,176.3,170.0,713.5,705.9,722.4,710.4,69.7,67.5,0.36,-1.2,106.5
00:13:07,12781.6,93.6,-10.5,2390,18.54,10.37,171.0,168.5,176.2,169.9,711.1,705.5,723.0,709.1,70.3,67.7,0.18,1.91,107.8
00:13:08,12791.7,93.0,-10.6,2377,18.55,10.42,170.0,168.5,175.3,169.5,711.6,704.9,724.3,708.1,69.5,67.3,0.36,-0.45,106.9
00:13:09,12813.3,94.1,-10.7,2382,18.6,10.49,170.7,167.8,175.6,169.7,711.7,708.1,721.9,709.9,70.1,67.4,0.04,0.49,106.5
00:13:10,12832.2,94.3,-10.6,2378,18.6,10.34,170.8,168.3,175.7,169.4,713.9,705.3,722.6,710.5,69.6,67.3,0.36,-0.72,107.6
00:13:11,12840.6,93.1,-10.5,2384,18.59,10.35,170.3,168.4,175.4,169.1,711.4,707.0,722.6,708.0,69.7,67.5,-0.14,-0.59,107.9
00:13:12,12851.2,94.4,-10.2,2384,18.63,10.46,170.3,168.3,175.3,169.6,713.9,706.8,722.3,709.7,69.4,66.7,-0.11,1.12,106.6
00:13:13,12870.9,93.6,-10.4,2376,18.48,10.33,169.5,167.5,174.9,169.4,710.3,704.1,720.7,708.2,69.9,67.0,0.36,-0.42,107.8
00:13:14,12878.4,94.6,-10.6,2384,18.56,10.42,169.5,167.7,175.3,169.0,710.5,706.4,720.6,707.5,69.3,67.1,0.34,-1.03,107.8
00:13:15,12898.1,93.6,-10.6,2382,18.56,10.39,169.3,167.7,175.5,169.1,712.0,704.1,723.2,707.5,70.0,67.3,-0.16,-0.88,107.1
00:13:16,12919.8,93.4,-10.6,2377,18.49,10.41,169.2,167.2,174.8,168.6,710.8,705.2,722.0,709.3,69.1,66.8,-0.19,-1.48,106.4
00:13:17,12922.8,93.2,-10.4,2386,18.49,10.27,169.7,167.5,174.5,168.9,713.5,707.0,720.0,707.2,70.0,67.4,-0.13,-1.94,106.6
00:13:18,12933.8,93.4,-10.8,2386,18.45,10.34,169.8,167.3,174.3,168.1,711.1,705.2,722.7,708.7,69.5,66.4,-0.07,-1.93,106.7
00:13:19,12960.4,93.7,-10.8,2376,18.42,10.42,169.1,167.3,174.6,168.4,712.9,706.5,723.2,708.8,69.6,67.4,0.23,-0.48,106.8
